Application,Launcher,Path,Icon Name
2048,2048,/usr/share/2048/meta/apple-touch-icon.png,2048
1-to-1 Assistance,1-to-1_assistance,1-to-1_assistance.png,1-to-1_assistance
1-to-1 Voice,1-to-1_voice,1-to-1_voice.png,1-to-1_voice
2048-Qt,2048-qt,/usr/share/pixmaps/2048-qt.xpm,2048-qt
3D Acceleration,driconf,/usr/share/driconf/driconf-icon.png,driconf-icon
MPLAB IDE,,mplab_ide.png,mplab_ide
MPLAB IPE,,mplab_ipe.png,mplab_ipe
4Pane,4Pane,/usr/share/4Pane/bitmaps/4PaneIcon48.png,4Pane
8BitMMO,8BitMMO,steam,steam_icon_250420
Aard Dictionary,aarddict,aarddict.png,aarddict
AB-Transfers,abtransfers,/usr/share/abtransfers/bank/transfer/128x128.png,abtransfers
Account authentication,signon-ui,,preferences-login
AClock,AClock,/usr/lib/GNUstep/Applications/AClock.app/Resources/AClock.tiff,aclock.app
AClock,AClock,/usr/lib/GNUstep/Applications/AClock.app/Resources/clock.png,AClock
Aconnectgui,aconnectgui,/usr/share/pixmaps/aconnectgui.xpm,aconnectgui
ADSL/PPPOE configuration,pppoeconf,/usr/share/pixmaps/pppoeconf.xpm,pppoeconf
Adun,UL,/usr/lib/GNUstep/Applications/UL.app/Resources/icon.tiff,Adun
Advene Video annotation,advene,/usr/share/advene/pixmaps/icon_advene32.png,advene
AfterStep,AfterStep,/usr/share/afterstep/desktop/icons/large/AfterStep3,AfterStep3
Aghermann,aghermann,@PKGDATADIR@/aghermann.png,aghermann
Ajuda do Receitanet,rfb-receitanet-ajuda,/opt/Programas RFB/Receitanet/imagens/Ajuda.xpm,Ajuda
All Video Downloader,allvideodownloader,/opt/allvideodownloader/icons/allvideodownloader.png,allvideodownloader
AllTray 0.7.5.1dev,alltray,alltray.png,alltray
Alsamixergui,alsamixergui,/usr/share/pixmaps/alsamixergui.xpm,aconnectgui
Alternatives Configurator,galternatives,/usr/share/pixmaps/galternatives.png,galternatives
AltOS UI,altos,/usr/share/pixmaps/altusmetrum.xpm,altusmetrum
AltOS UI,altusmetrum-altosui,/usr/share/icons/hicolor/scalable/apps/altusmetrum-altosui.svg,altusmetrum
AltYo,altyo,altyo.png,altyo
AltYo,altyo_standalone,altyo.png,altyo
Amoebax,amoebax,amoebax.svg,amoebax
amoebax,amoebax,amoebax.svg,amoebax
amSynth,amsynth,/usr/share/pixmaps/amsynth.png,amsynth
amSynth,amsynth,/usr/share/pixmaps/amsynth.xpm,amsynth
Anagramarama,anagramarama,,anagramarama
Android Studio,android-studio,/opt/android-studio/bin/studio.png,android-studio
Android Studio,android-studio,/usr/share/icons/androidstudio.svg,android-studio
Android Studio,android-studio,hardcoded,android-studio
Android Studio,jetbrains-studio,/opt/android-studio/bin/studio.png,android-studio
Angband (GTK),angband-gtk,/usr/share/angband/xtra/icon/att-32.png,att
Angband (SDL),angband-sdl,/usr/share/angband/xtra/icon/att-32.png,att
Angband (X11),angband-x11,/usr/share/angband/xtra/icon/att-32.png,att
Angry Drunken Dwarves,angrydd,/usr/share/games/angrydd/angrydd.png,angrydd
Anna - Extended Edition,Anna - Extended Edition,steam,steam_icon_217690
AnyConnect,cisco-anyconnect,/opt/cisco/anyconnect/pixmaps/vpnui48.png,vpnui48
App Launcher,mb-applet-menu-launcher,mbmenu.png,mbmenu
Aptik,aptik,/usr/share/pixmaps/aptik.png,aptik
apvlv,apvlv,/usr/share/pixmaps/apvlv/apvlv.xpm,apvlv
APX,apx,/usr/share/apx/icons/apx.svg,apx
Ardentryst,Ardentryst,/usr/share/pixmaps/ardentryst.png,ardentryst
Ardour 2,ardour2,/usr/share/ardour2/icons/ardour_icon_22px.png,ardour
Ardour 3,ardour,/usr/share/ardour3/icons/ardour_icon_48px.png,ardour
Ardour 3,ardour,/opt/ardour3/share/icons/ardour_icon_48px.png,ardour
Ardour 3,ardour3,/usr/share/ardour3/icons/ardour_icon_48px.png,ardour
Ardour 3,ardour3,/opt/ardour3/share/icons/ardour_icon_48px.png,ardour
Ardour 4,ardour,/usr/share/ardour4/icons/ardour_icon_256px.png,ardour
Ardour Digital Audio Workstation,ardour,/usr/share/ardour2/icons/ardour_icon_22px.png,ardour
Arista,arista,/usr/share/arista/ui/icon.svg,arista
Arista Transcoder,arista,/usr/share/arista/ui/icon.svg,arista
Armagetron Advanced,armagetronad,/usr/share/pixmaps/armagetronad/icons/large/armagetronad.png,armagetronad
Arronax,arronax,/usr/share/arronax/icons/arronax.png,arronax
Artemis,artemis,/usr/share/pixmaps/artemis.xpm,artemis
Ascii Design,ascii-design,ascii-design.png,ascii-design
AstroMenace,astromenace,/usr/share/pixmaps/astromenace.png,astromenace
Athena,athena,/usr/share/pixmaps/athena.xpm,athena
Atomix,atomix,/usr/share/games/atomix/atomix-logo.png,atomix
Attal,attal,,attal
Attal scenario editor,attalscenario,,attalscenario
Attal server,attalserver,,attalserver
Attal theme editor,attaltheme,,attaltheme
Auralquiz,auralquiz,/usr/share/pixmaps/auralquiz.png,auralquiz
Authentication,lxqt_drakauth,/usr/share/mcc/themes/default/drakauth-mdk.png,drakauth-mdk
Auto Multiple Choice,auto-multiple-choice,/usr/share/auto-multiple-choice/icons/auto-multiple-choice.svg,auto-multiple-choice
ayttm,ayttm,/usr/share/pixmaps/ayttm.png,ayttm
Backup Tool,mintBackup,/usr/lib/linuxmint/mintBackup/icon.svg,mintbackup
Backup Tool,mintBackup,/usr/lib/linuxmint/mintBackup/icon.png,mintbackup
Backup Tool,mintBackup_mime,/usr/lib/linuxmint/mintBackup/icon.png,mintbackup
Backup Tool,mintBackup_mime,/usr/lib/linuxmint/mintBackup/icon.svg,mintbackup
Bacula Administration Tool,bat,/usr/share/pixmaps/bat_icon.png,bat_icon
Bacula Monitor,bacula-tray-monitor,/usr/share/pixmaps/bacula-tray-monitor.xpm,bacula-tray-monitor
Balder2D,Balder2D,balder2d.xpm,balder2d
Barrage,barrage,barrage.png,barrage
Barrage,barrage,/usr/share/icons/barrage48.gif,barrage48
Barrage,barrage,barrage.png,barrage
Basenji,basenji,/usr/share/basenji/basenji.svg,basenji
BASIC-256,basic256,/usr/share/pixmaps/basic256.xpm,basic256
Bastion,Bastion,steam,steam_icon_107100
Battery Charge Graph,battery-stats,/usr/share/battery-graph/pixmaps/battery-stats.xpm,battery-stats
Battery Monitor,mb-applet-battery,miniapm.png,miniapm
Battery Monitor (batmon),batmon,/usr/lib/GNUstep/Applications/batmon.app/Resources/Batmon_icon.tiff,batmon_icon
BEAST,beast,beast.png,beast
Beat Hazard,Beat Hazard,steam,steam_icon_49600
Beat Hazard 2,Beat Hazard 2,steam,steam_icon_49610
Bibfilex,Bibfilex,/opt/bibfilex/icon.png,bibfilex
Bibfilex,bibfilex-qt,/opt/bibfilex/icon.png,bibfilex
Bibfilex,bibfilex-gtk,/opt/bibfilex/icon.png,bibfilex
BibShelf Book Manager,bibshelf,/usr/share/bibshelf/book.png,bibshelf
Biniax-2,biniax2,/usr/share/games/biniax2/graphics/logo.png,biniax2
BioShock Infinite,BioShock Infinite,steam,steam_icon_8870
BitDefender,bitdefender,/opt/BitDefender-scanner/share/doc/examples/icons/hicolor/128x128/apps/bitdefender.png,bitdefender
BitPim,bitpim,/usr/share/bitpim/resources/bitpim.ico,bitpim
Bitwig Studio,bitwig-studio,/usr/share/icons/hicolor/scalable/apps/bitwig-studio.svg,bitwig-studio
Blam,blam,blam.png,blam
BlockOut II,blockout2,/usr/share/games/blockout2/icon.xpm,blockout2
BlueJ,bluej,/usr/share/java/bluej/images/bluej-icon-48.png,bluej
BlueWho,bluewho,/usr/share/bluewho/data/bluewho.svg,bluewho
Bokken,bokken,/usr/share/pyshared/bokken/ui/data/bokken.svg,bokken
Boot Repair,boot-repair,/usr/share/boot-sav/x-boot-repair.png,x-boot-repair
bpython,bpython,/usr/share/pixmaps/python.xpm,bpython
Brewtarget,brewtarget,/usr/share/icons/brewtarget/brewtarget_icon.svg,brewtarget_icon
Briquolo,briquolo,/usr/share/pixmaps/briquolo.svg,briquolo
Browse Mirrored Websites,WebHTTrack-Websites,/usr/share/httrack/icons/webhttrack.xpm,webhttrack
Browser,webbrowser-app,/usr/share/webbrowser-app/webbrowser-app.png,webbrowser-app
Budgie Desktop,budgie-desktop,,distributor-logo-budgie
Bugsx,bugsx,bugsx.xpm,bugsx
Bygfoot Football Manager,bygfoot,bygfoot.xpm,bygfoot
Cain,cain,/usr/share/cain/gui/icons/cain.png,cain
Calendar Indicator,calendar-indicator,/opt/extras.ubuntu.com/calendar-indicator/share/pixmaps/calendar-indicator.svg,office-calendar
Camera,Camera,/usr/lib/GNUstep/Applications/Camera.app/Resources/Camera.png,Camera
Camera Monitor,cameramonitor,/usr/share/cameramonitor/cameramonitor.png,cameramonitor
Camera Monitor Preferences,cameramonitor-prefs,/usr/share/cameramonitor/cameramonitor.png,cameramonitor
Canorus,canorus,/usr/share/canorus/images/clogosm.png,clogosm
Cecilia,cecilia,/usr/share/pixmaps/cecilia.png,cecilia
Cenon,Cenon,/usr/lib/GNUstep/Applications/Cenon.app/Resources/Cenon.tiff,cenon.app
Chamo,chamo,chamo.png,chamo
Charmap,Charmap,/usr/lib/GNUstep/Applications/Charmap.app/Resources/Charmap.png,Charmap
ChartGeany,chartgeany,/opt/chartgeany/chartgeany.png,chartgeany
Checkbox,checkbox-converged,checkbox-touch.svg,checkbox-touch
CherryTree,cherrytree,/usr/share/icons/hicolor/scalable/apps/cherrytree.svg,cherrytree
Cinnamon,cinnamon,,cinnamon
Cinnamon (Software Rendering),cinnamon2d,,cinnamon
Cisco Packet Tracer,Cisco-PacketTracer,/opt/pt/art/app.png,packettracer
Cities in Motion 2,Cities in Motion 2,steam,steam_icon_225420
CLAM Chordata,Chordata,/usr/share/pixmaps/clam-chordata.xpm,clam-chordata
CLAM Network Editor,NetworkEditor,/usr/share/pixmaps/clam-networkeditor.xpm,clam-networkeditor
CLAM Prototyper,Prototyper,/usr/share/pixmaps/clam-prototyper.xpm,clam-prototyper
Classified ads,classified-ads,/usr/share/app-install/icons/turt-transparent-128x128.png,turt
Classrooom control,controlaula,/usr/share/pixmaps/controlaula.png,controlaula
Clion IDE,clion,/opt/clion/bin/clion.svg,clion
Clion IDE,jetbrains-clion,hardcoded,clion
ClipGrab,clipgrab,/usr/share/pixmaps/clipgrab.png,clipgrab
Clock,mb-applet-clock,minitime.png,minitime
Cluster Management,system-config-cluster,/usr/share/system-config-cluster/pixmaps/node.png,system-config-cluster
ClusterSSH,clusterssh,/usr/share/pixmaps/clusterssh-32x32.xpm,clusterssh
Code of Conduct Signing Assistant,codeOfConductSigningAssistant,/usr/share/icons/hicolor/scalable/apps/codeOfConductSigningAssistant.svg,codeOfConductSigningAssistant
Codelite,codelite,/usr/share/codelite/images/cubes.png,codelite
CodFis,codfis,/usr/share/pixmaps/codfis.xpm,codfis
ColorCode,colorcode,/usr/share/pixmaps/colorcode32.xpm,colorcode32
colorname,colorname,/usr/share/pixmaps/colorname.xpm,colorname
Commodore 128,x128,/usr/share/pixmaps/c128icon-32x28.xpm,c128
Commodore 64,x64,/usr/share/pixmaps/c64icon-32x28.xpm,c64
Commodore CBM-II,xcbm2,/usr/share/pixmaps/cbm2icon-32x28.xpm,cbm2
Commodore PET,xpet,/usr/share/pixmaps/peticon-32x28.xpm,pet
Commodore Plus/4,xplus4,/usr/share/pixmaps/plus4icon-32x28.xpm,plus4
Commodore VIC-20,xvic,/usr/share/pixmaps/vic20icon-32x28.xpm,vic20
Configure authentication for ROSA tools,lxqt_draksec,/usr/share/mcc/themes/default/draksec-mdk.png,draksec-mdk
Configure updates frequency,lxqt_update-freq,/usr/share/mcc/themes/default/mdkonline-mdk.png,mdkonline-mdk
Configure-Debian,configure-debian,/usr/share/pixmaps/configure-debian-48x48.png,configure-debian
Conky Manager,conky-manager,/usr/share/pixmaps/conky-manager.png,conky-manager
Contacts,address-book-app,/usr/share/address-book-app/artwork/address-book-app.png,address-book-app
Content Hub Clipboard,content-hub-clipboard,,content-hub-clipboard
Content Hub Peer Picker,content-hub-peer-picker,,content-hub-peer-picker
Content Hub Send,content-hub-send,,content-hub-send
ConvertAmicasJPEG2000FilesetToDicom,ConvertAmicasJPEG2000FilesetToDicom,/usr/share/pixelmed/icons/ConvertAmicasJPEG2000FilesetToDicom.png,ConvertAmicasJPEG2000FilesetToDicom
Copy,copy,/usr/share/icons/hicolor/scalable/apps/copyagent.svg,copyagent
Copy,copy,/usr/share/icons/hicolor/scalable/apps/copy.svg,copy
Copy,CopyAgent,/usr/share/icons/hicolor/scalable/apps/copyagent.svg,copyagent
Cordova Example QRCodeScanner,CordovaExampleQRCodeScanner,/usr/share/cordova-ubuntu-2.8/examples/qrcode-scanner/img/qrcode.png,qrcode
cordova-ubuntu-tests,cordova-ubuntu-tests,/usr/share/cordova-ubuntu-tests/cordovaqt64.png,cordovaqt
Corel AfterShot 3(64-bit),AfterShot3X64,/usr/share/pixmaps/AfterShot3X64.png,AfterShot3X64
CoverGloobus,covergloobus,/usr/share/covergloobus/images/covergloobus.png,covergloobus
CPU/Mem Monitor,mb-applet-system-monitor,minisys.png,minisys
CQRLOG,cqrlog,cqrlog.png,cqrlog
Crashplan,crashplan,/usr/local/crashplan/skin/icon_app_128x128.png,crashplan
Crashplan,crashplan,/opt/crashplan/skin/icon_app_64x64.png,crashplan
CRON-o-Meter,cronometer,/usr/share/pixmaps/cronometer.png,cronometer
CrossFTP,crossftp,/usr/share/crossftp/logo_big.png,crossftp
Cura,cura,/usr/share/cura/resources/images/c.png,cura
Cyclograph,cyclograph-gtk3,cyclograph.png,cyclograph
Cyclograph,cyclograph-qt,cyclograph.png,cyclograph
Cynthiune,Cynthiune,/usr/lib/GNUstep/Applications/Cynthiune.app/Resources/Cynthiune.tiff,cynthiune.app
Cytadela,cytadela,cytadela.png,cytadela
DarkRadiant,darkradiant,/usr/share/darkradiant/bitmaps/darkradiant_icon_64x64.png,darkradiant
DataGrip,datagrip,/opt/datagrip/bin/product.png,datagrip
DBModeler,DBModeler,/usr/share/GNUstep/DBModeler.app/DBModeler.tiff,DBModeler
dc-qt,dc-qt,/usr/share/pixmaps/dc-qt.xpm,dc-qt
Desktop Flickr Organizer,dfo,/usr/share/dfo/icons/FontBookSquareThumbnail.png,FontBookSquareThumbnail
Desura,desura,hardcoded,desura
Desura,desura,n/a,desura
DicomCleaner,DicomCleaner,/usr/share/pixelmed/icons/DicomCleaner.png,DicomCleaner
DicomImageBlackout,DicomImageBlackout,/usr/share/pixelmed/icons/DicomImageBlackout.png,DicomImageBlackout
DicomImageViewer,DicomImageViewer,/usr/share/pixelmed/icons/DicomImageViewer.png,DicomImageViewer
Dictionary Reader,DictionaryReader,/usr/lib/GNUstep/Applications/DictionaryReader.app/Resources/dict.png,dict
DiffPDF,diffpdf,/usr/share/pixmaps/diffpdf.png,diffpdf
diffpdf,diffpdf,/usr/share/pixmaps/diffpdf.png,diffpdf
Dino,dino,/usr/share/dino/head.png,head
Dire Wolf,direwolf,/usr/share/direwolf/dw-icon.png,dw-icon
Discord Canary,DiscordCanary,/usr/share/pixmaps/discord-canary.png,discord-canary
dkopp,dkopp,/usr/share/dkopp/icons/dkopp.png,dkopp
Docear,docear,/usr/share/docear/docear.png,docear
Dogecoin QT,dogecoin,/usr/share/pixmaps/dogecoin.png,dogecoin
DopeWars,dopewars,dopewars-weed.png,dopewars
DOS Box,dosbox,/usr/share/pixmaps/dosbox.png,dosbox
DOS emulator,dosemu,/usr/share/pixmaps/dosemu.xpm,dosemu
DOSBox Emulator,dosbox,/usr/share/pixmaps/dosbox.png,dosbox
DoseUtility,DoseUtility,/usr/share/pixelmed/icons/DoseUtility.png,DoseUtility
Dota 2,Dota 2,steam,steam_icon_570
Double Action: Boogaloo,Double Action Boogaloo,steam,steam_icon_317360
dPluzz (Download Pluzz and C+),dpluzz,/usr/share/icons/dPluzz-ico.png,dPluzz-ico
Dr. Geo,drgeo2,drgeo2.png,drgeo
Dr. Geo,drgeo,drgeo_32x32.xpm,drgeo
Dreamchess,dreamchess,/usr/share/dreamchess/icon.png,dreamchess
dreamchess,dreamchess,/usr/share/dreamchess/icon.png,dreamchess
Driver Manager,driver-manager,/usr/share/icons/hicolor/scalable/apps/driver-manager.svg,driver-manager
DupeGuru,dupeguru_se,/usr/share/dupeguru_se/dgse_logo_128.png,dupeguru
DVBcut,dvbcut,/usr/share/dvbcut/icons/dvbcut.svg,dvbcut
DVD Encoder OGMRip,ogmrip,ogmrip.png,ogmrip
DVD Movie Backup,shrinkta,/usr/share/pixmaps/shrinkta/shrinkta-icon,shrinkta-icon
Dvd95,dvd95,/usr/share/pixmaps/dvd95/dvd9548.png,dvd95
Dwarfs!?,Dwarfs!,steam,steam_icon_35480
Dwarfs?! - F2P,Dwarfs! - F2P,steam,steam_icon_213650
E-Book Viewer,ebook-viewer,calibre,calibre-gui
E-Pyo,E-Pyo,/usr/share/pixmaps/E-Pyo.xpm,E-Pyo
Earcandy,earcandy,/usr/share/earcandy/media/icon.png,earcandy
easyLife,easylife,/usr/share/pixmaps/easylife.png,easylife
EBView,ebview,/usr/share/pixmaps/ebview.xpm,ebview
EdenMath,EdenMath,/usr/lib/GNUstep/Applications/EdenMath.app/Resources/EdenMath.tiff,EdenMath
EDFviewer,edfviewer,/usr/share/pixmaps/pymca.xpm,pymca
editra,editra,pyexiftoolgui.png,pyexiftoolgui
Edubuntu Menu Editor,menueditor,/usr/share/edubuntu-menueditor/media/edubuntu-icon.svg,edubuntu-icon
Edubuntu menu editor - Profile manager,profilemanager,/usr/share/edubuntu-menueditor/media/edubuntu-icon.svg,edubuntu-icon
eFax,efax-gtk,/usr/share/pixmaps/efax-gtk,efax-gtk
Eiciel,eiciel,/usr/share/eiciel/img/icon_eiciel_24.png,icon_eiciel_24
Einstein,einstein,einstein.png,einstein
Eintopf,eintopf,/opt/eintopf/icon.png,eintopf
Electrum,electrum,/usr/share/app-install/icons/electrum.png,electrum
Elementsinfo,elementsinfo,/usr/share/pixmaps/pymca.xpm,pymca
Elmer,ElmerGUI,/usr/share/ElmerGUI/icons/Mesh3D.png,Mesh3D
Emacs 21 (X11),emacs21,/usr/share/emacs/21.4/etc/gnu-32x32.xpm,gnu
Emacs 23,emacs23,/usr/share/icons/hicolor/scalable/apps/emacs23.svg,emacs
Emacs 24,emacs24,/usr/share/icons/hicolor/scalable/apps/emacs24.svg,emacs
emelFM2,emelfm2,emelfm2/emelfm2_48.png,emelfm2_48
emma,emma,/usr/share/emma/icons/emma.png,emma
Encrytr,encryptr,/usr/share/pixmaps/Encryptr.png,Encryptr
Encuentro,encuentro,/usr/share/encuentro/encuentro/logos/icon-32.png,encuentro
Engauge Digitizer,engauge-digitizer,/usr/share/pixmpas/engauge-digitizer.xpm,engauge-digitizer
Engauge-digitizer,engauge-digitizer,/usr/share/pixmaps/engauge-digitizer.xpm,engauge-digitizer
Enpass,enpass,enpass.png,enpass
Enpass,Enpass,/opt/Enpass/enpass.png,enpass
Entangle,entangle,/usr/share/entangle/entangle.svg,entangle
Epigrass,egigrass,/usr/share/pixmaps/egigrass.png,egigrass
Epigrass,epigrass,/usr/share/pixmaps/egigrass.png,egigrass
eToys,etoys,/usr/share/pixmaps/activity-etoys.xpm,activity-etoys
Excellent Bifurcation,excellent-bifurcation,/usr/share/pixmaps/excellent-bifurcation.xpm,excellent-bifurcation
expEYES,expeyes,/usr/share/icons/expeyes.png,expeyes
FadeIn,fadein,/usr/share/fadein/icon_app/fadein_icon_128x128.png,fadein
Fax address book,hp-fab,/usr/share/pixmaps/HPmenu.xpm,HPmenu
Fax address book,hp-fab,/usr/share/hplip/data/images/128x128/hp_logo.png,hp_logo
FCEUX,fceux,/usr/share/pixmaps/fceux.png,fceux
FGo!,fgo,/usr/share/pixmaps/fgo.png,fgo
FGo!,fgo,,fgo
FileBot,FileBot,/usr/share/filebot/icon.svg,filebot
Firewall Builder,fwbuilder,/usr/share/pixmaps/fwbuilder/firewall_64.xpm,firewall_64
Firewall Configuration,gufw,/usr/share/icons/hicolor/48x48/apps/gufw.png,gufw
Firewall Configuration,gufw,gufw.png,gufw
Fistful of Frags,Fistful of Frags,steam,steam_icon_265630
FlameRobin,flamerobin,/usr/share/pixmaps/flamerobin.png,flamerobin
fldiff,fldiff,/usr/share/pixmaps/fldiff.xpm,fldiff
FlightGear Launch Control,fgrun,/usr/share/pixmaps/flightgear.ico,flightgear
FlightGear Launcher,fgrun,/usr/share/pixmaps/flightgear.ico,flightgear
Florence Virtual Keyboard,florence,/usr/share/pixmaps/florence.svg,florence
FLUID,x-fluid,fluid.png,fluid
FMIT,fmit,/usr/share/icons/hicolor/scalable/apps/fmit.svg,fmit
Foo YC20,foo-yc20,/usr/share/foo-yc20/graphics/icon.png,foo-yc20
Format Junkie,formatjunkie,/opt/extras.ubuntu.com/formatjunkie/pixmap/fjt.png,fjt
Fotoxx,fotoxx,/usr/share/fotoxx/icons/fotoxx.png,fotoxx
fotoxx,kornelix-fotoxx,/usr/share/fotoxx/icons/fotoxx.png,fotoxx
Fox,fox,/usr/share/pixmaps/fox.xpm,fox
FoxitReader,FoxitReader,/home/root/.local/share/icons/hicolor/64x64/apps/FoxitReader.png,foxit-reader
FoxitReader,FoxitReader,FoxitReader.png,foxit-reader
fprint-demo,fprint-demo,/usr/share/pixmaps/fprint-demo.xpm,fprint-demo
FQTerm,fqterm,/usr/share/FQTerm/pic/fqterm_256x256.png,fqterm
Franz,franz,/opt/franz/franz-icon.png,franz
Free Chart Geany,freechartgeany,/usr/share/pixmaps/freechartgeany.png,freechartgeany
Freebirth,freebirth,/usr/share/pixmaps/freebirth.xpm,freebirth
FreeCAD,freecad,/opt/freecad/data/freecad.xpm,freecad
FreeCAD,freecad,/usr/share/freecad/freecad.xpm,freecad
FreeCol,freecol,/usr/share/pixmaps/freecol.xpm,freecol
FreeCraft,freecraft,/usr/share/pixmaps/freecraft-icon.png,freecraft-icon
Freedroid RPG,freedroidrpg,/usr/share/pixmaps/freedroidrpg.xpm,freedroidrpg
Freedroid RPG,freedroidrpg,/usr/share/icons/freedroidrpg.jpg,freedroid
FreeMat,freemat,/usr/share/pixmaps/freemat/freemat.xpm,freemat
FreePOPs updater,freepops-updater-zenity,/usr/share/pixmaps/freepops-updater-zenity.svg,freepops-updater-zenity
FreePOPs updater,freepops-updater-gnome,/usr/share/pixmaps/freepops-updater-zenity.svg,freepops-updater-zenity
Freevo,freevo,/usr/share/pixmaps/freevo.xpm,freevo
FreeWheeling,freewheeling,/usr/share/pixmaps/freewheeling.xpm,freewheeling
Fritzing,fritzing,/usr/share/pixmaps/fritzing_icon.png,fritzing_icon
FSL 4.1,fsl-4.1,fsl-4.1.xpm,fsl-4.1
FSL 5.0,fsl-5.0-core,fsl-5.0.xpm,fsl-5.0
FSLView,fslview,fslview.xpm,fslview
FTP,FTP,/usr/share/pixmaps/FTP.xpm,FTP
Full Kana+ Drill,kanadic-kata,/usr/share/pixmaps/kdrill.xpm,kdrill
Fyre,fyre,/usr/share/pixmaps/fyre.png,fyre
G3DViewer,g3dviewer,/usr/share/g3dviewer/glade/g3d48.png,g3d48
Gallery Uploader,gallery-uploader,gallery.svg,gallery
Gambas 3,gambas3,gambas3.png,gambas3
Gambit Chess,gambitchess,/usr/share/pixmaps/gambitchess.svg,gambitchess
GanttProject,ganttproject,/opt/ganttproject/plugins/net.sourceforge.ganttproject/data/resources/logos/icon64.png,ganttproject
gap4,gap4,/usr/share/staden/icon4bl.svg,icon4bl
gap5,gap5,/usr/share/staden/icon4bl.svg,icon4bl
Garden of Coloured Lights,garden,/usr/share/pixmaps/garden.svg,garden
Garry's Mod,Garry's Mod,steam,steam_icon_4000
GaussSum,gausssum,/usr/share/pixmaps/gausssum.xpm,gausssum
GbgOffice,gbgoffice,/usr/share/pixmaps/gbgoffice-icon.png,gbgoffice-icon
gCAD3D,gCAD3D,/usr/share/gcad3d/icons/gCAD3D.xpm,gcad3d
Gcolor2,gcolor2,/usr/share/pixmaps/gcolor2/gcolor2.xpm,gcolor2
Gcolor2,gcolor2,/usr/share/pixmaps/gcolor2/icon.png,gcolor2
GDebi,gdebi,gnome-mime-application-x-deb,gdebi
GDebi Package Installer,gdebi,gnome-mime-application-x-deb,gdebi
Gdiskdump,gdiskdump,/usr/share/gdiskdump/data/media/gdiskdump.svg,gdiskdump
GdMap,gdmap,gdmap_icon.png,gdmap_icon
gEcrit,gecrit,/usr/share/pixmaps/gEcrit.png,gEcrit
GeMan X BBS Client,gemanx,/usr/share/pixmaps/gemanx.png,gemanx
Gens GS,gens,/usr/share/gens/gensgs_48x48.png,gensgs
Gens GS,gens,/usr/share/gens/gensgs_32x32.png,gensgs
Gens GS,gens,/usr/share/gens/gens_small.png,gensgs
Gentoo,gentoo,/usr/share/pixmaps/icon_gentoo_small.xpm,distributor-logo-gentoo
Genymotion,genymobile-genymotion,/opt/genymotion/genymotion/icons/icon.png,genymotion
Geomview,geomview,/usr/share/pixmaps/geomview.xpm,geomview
GeSpeaker,gespeaker,/usr/share/gespeaker/data/icons/gespeaker.svg,gespeaker
gExtractWinIcons,gextractwinicons,/usr/share/gextractwinicons/data/gextractwinicons.svg,gextractwinicons
GFM,gfm,/usr/share/gfm/pixmaps/gfm.xpm,gfm
gFTP,gftp,gftp.png,gftp
Ghextris,ghextris,/usr/share/games/ghextris/ghextris.png,ghextris
Gip IP Address Calculator,gip,/usr/share/gip/calculator.png,calculator
Gis Weather,gis-weather,/usr/share/gis-weather/icon.png,gis-weather
Git Cola,git-cola-folder-handler,/usr/share/git-cola/icons/git.svg,git
Git DAG,git-dag,/usr/share/git-cola/icons/git.svg,git
git-cola,git-cola,/usr/share/git-cola/icons/git.svg,git-cola
Gitkraken,gitkraken,app,gitkraken
Gitso,gitso,/usr/share/gitso/icon.ico,gitso
Gitter,gitter,/opt/Gitter/linux64/logo.png,Gitter
GkDebconf,gkdebconf,/usr/share/pixmaps/gkdebconf-icon.xpm,gkdebconf-icon
gLabels,glabels-3.0,glabels-3.0.png,glabels-3.0
glfer,glfer,,glfer
GLPeces,glpeces,/usr/share/pixmaps/glpeces.xpm,glpeces
Glurp,glurp,glurp.svg,glurp
gMobileMedia (Mobile Media Browser),gmobilemedia,/usr/share/gmobilemedia/ui/gmobilemedia_icon.svg,gmobilemedia_icon
Gmsh,gmsh,/usr/share/pixmaps/gmsh_32x32.xpm,gmsh
Gmsh Mesh Generator,gmsh,/usr/share/pixmaps/gmsh_32x32.xpm,gmsh
GnoeMoe,gnoemoe,gnoemoe-logo.svg,gnoemoe
GNOME,gnome,,start-here-gnome
GNOME ALSA Mixer,gnome-alsamixer,/usr/share/pixmaps/gnome-alsamixer/gnome-alsamixer-icon.png,gnome-alsamixer-icon
Gnome Catalog,gnomecatalog,/usr/share/gnomecatalog/pixmaps/gcatalog.png,gcatalog
GNOME Color Chooser,gnome-color-chooser,gnome-color-chooser.svg,gnome-color-chooser
GNOME Flashback (Xmonad),gnome-flashback-xmonad,,xmonad
Gnome Paint Drawing Editor,gnome-paint,gp.png,gp
GNOME Schedule,gnome-schedule,/usr/share/pixmaps/gnome-schedule/gnome-schedule.svg,gnome-schedule
GNOME Split,gnome-split,/usr/share/pixmaps/gnome-split.png,gnome-split
GNOME Wave Cleaner,gwc,gwc.xpm,gwc
GNOME Weather,gnome-shell-extension-weather,org.gnome.Weather.Application,gnome-weather
GNOME Weather (Arch),org.gnome.Weather.Application,org.gnome.Weather.Application,gnome-weather
GnomeKiSS,gnomekiss,/usr/share/pixmaps/gnomekiss/gnome-kiss.png,gnome-kiss
GNS3,gns3,/usr/share/pixmaps/gns3.xpm,gns3
GNU Emacs 23,emacs23,/usr/share/icons/hicolor/scalable/apps/emacs23.svg,emacs
GNU Emacs 24,emacs24,/usr/share/icons/hicolor/scalable/apps/emacs24.svg,emacs
GNU Octave,www.octave.org-octave,/usr/share/octave/3.8.2/imagelib/octave-logo.svg,octave
GNU Octave,www.octave.org-octave,/usr/share/octave/3.6.4/imagelib/octave-logo.svg,octave
GNU Octave,www.octave.org-octave,/usr/share/octave/3.8.1/imagelib/octave-logo.svg,octave
GNU Octave,www.octave.org-octave,/usr/share/octave/4.0.0/imagelib/octave-logo.svg,octave
GNU Octave,www.octave.org-octave,/usr/share/octave/4.0.1/imagelib/octave-logo.svg,octave
GNU Octave,www.octave.org-octave,/usr/share/octave/4.0.2/imagelib/octave-logo.svg,octave
GNU Octave,www.octave.org-octave,/usr/share/octave/4.0.3/imagelib/octave-logo.svg,octave
GNU Octave,www.octave.org-octave,/usr/share/octave/4.0.4/imagelib/octave-logo.svg,octave
GNU Octave,www.octave.org-octave,/usr/share/octave/3.6.2/imagelib/octave-logo.svg,octave
GNU Paint,gpaint,gpaint.svg,gpaint
GNUbik,gnubik,gnubik.png,gnubik
GNUbik,gnubik,/usr/share/pixmaps/gnubik.xpm,gnubik
GNUDoQ,gnudoq,/usr/share/pixmaps/gnudoq-icon.xpm,gnudoq-icon
GNUMail,GNUMail,/usr/share/GNUstep/GNUMail.app/GNUMail.tiff,gnumail.app
GNUSim8085,GNUSim8085,/usr/share/icons/hicolor/scalable/apps/gnusim8085.svg,gnusim8085
Go Terminal,sophiware-goterminal,/opt/goterminal/resources/app/icon.ico,goterminal
GoldenCheetah,GoldenCheetah,/usr/share/pixmaps/gc.png,goldencheetah
GoldenDict,goldendict,/usr/share/pixmaps/goldendict.png,goldendict
Gone Home,Gone Home,steam,steam_icon_232430
Google Drive,grive-setup,/opt/thefanclub/grive-tools/GoogleDrive.png,google-drive
Google Drive,grive,/opt/thefanclub/grive-tools/GoogleDrive.png,GoogleDrive
Google Drive Indicator,grive-indicator,/opt/thefanclub/grive-tools/GoogleDrive.png,google-drive
Google Drive Indicator,grive-indicator,/opt/thefanclub/grive-tools/GoogleDrive.png,GoogleDrive
Google Earth,googleearth,/usr/share/pixmaps/googleearth.xpm,googleearth
Gorm,Gorm,/usr/lib/GNUstep/Applications/Gorm.app/Resources/Gorm.tiff,gorm.app
GostCrypt,gostcrypt,/usr/share/Gostcrypt/icons/GostCrypt-48x48.png,gostcrypt
GPixPod,GPixPod,/usr/share/gpixpod/GPixPod_icon.png,GPixPod_icon
GPRename,gprename,/usr/share/pixmaps/gprename/gprename.png,gprename
GpsPrune,gpsprune,/usr/share/pixmaps/gpsprune.xpm,gpsprune
Grace GTK,gracegtk,/usr/share/pixmaps/gracegtk.png,grace
Graphical Disk Map,gdmap,gdmap_icon.png,gdmap_icon
GRASS GIS,grass,/usr/share/icons/grass-64x64.png,grass
Greenfoot,greenfoot,/usr/share/java/greenfoot/images/greenfoot-icon-48.png,greenfoot
gResistor,gresistor,/usr/share/gresistor/icon.png,gresistor
gretl,gretl,gretl.xpm,gretl
gretl,gretl,/usr/share/pixmaps/gretl.xpm,gretl
Gridlock,Gridlock,/usr/lib/GNUstep/Applications/Gridlock.app/Resources/Gridlock.tiff,Gridlock
Gringotts,gringotts,/usr/share/pixmaps/gringotts.xpm,gringotts
Grisbi,grisbi,/usr/share/pixmaps/grisbi/grisbi.svg,grisbi
Grisbi,grisbi,/usr/share/pixmaps/grisbi/grisbi.xpm,grisbi
Grive Setup,grive,/opt/thefanclub/grive-tools/grive.png,google-drive
Grive Setup,grive-setup,/opt/thefanclub/grive-tools/grive.png,grive
Grr Feed Reader,Grr,/usr/share/pixmaps/Grr.xpm,Grr
Grsync,grsync,grsync.png,grsync
GShutdown,gshutdown,/usr/share/pixmaps/gshutdown.png,gshutdown
Gsopcast,gsopcast,gsopcast.png,gsopcast
GTAMSAnalyzer,GTAMSAnalyzer,/usr/lib/GNUstep/Applications/GTAMSAnalyzer.app/Resources/largeApp.tif,largeApp
GTick,gtick,/usr/share/icons/hicolor/64x64/apps/gtick.xpm,gtick
GTimeLog,gtimelog,/usr/share/pyshared/gtimelog/gtimelog.png,gtimelog
GTimeLog Time Tracker,gtimelog,/usr/share/pyshared/gtimelog/gtimelog.png,gtimelog
GTK Smith Chart Calculator,gsmc,mini-gsmc.xpm,mini-gsmc
Gtk VNC Viewer,gtkvncviewer,/usr/share/gtkvncviewer/data/gtkvncviewer_64.png,gtkvncviewer
Gtk VNC Viewer,data-gtkvncviewer,/usr/share/gtkvncviewer/data/gtkvncviewer_64.png,gtkvncviewer
Gtk-ChTheme,gtk-chtheme,/usr/share/pixmaps/gtk-chtheme.xpm,gtk-chtheme
gtk-recordMyDesktop,gtk-recordmydesktop.desktop,gtk-recordmydesktop.png,gtk-recordmydesktop
Guake,guake,/usr/share/pixmaps/guake/guake.png,guake
guidata-tests,guidata-tests,/usr/share/pyshared/guidata/images/guidata.svg,guidata
guiqwt-tests,guiqwt-tests,/usr/share/pyshared/guiqwt/images/guiqwt.png,guiqwt
GUVC View,guvcview,/usr/share/pixmaps/guvcview/guvcview.png,guvcview
guvcview,guvcview,/usr/share/pixmaps/guvcview/guvcview.png,guvcview
gv,gv,/usr/share/pixmaps/gv_icon.xpm,gv_icon
Gvb,gvb,gvb.svg,gvb
GvRng,gvrng,/usr/share/GvRng/bitmaps/gvrIcon-big.png,gvrIcon-big
gWakeOnLan,gwakeonlan,/usr/share/gwakeonlan/gwakeonlan.svg,gwakeonlan
GWorkspace,GWorkspace,FileManager.tiff,FileManager
Gwyddion,gwyddion,/usr/share/icons/hicolor/48x48/apps/gwyddion.png,gwyddion
Hardinfo,hardinfo,/usr/share/hardinfo/pixmaps/logo.png,hardinfo
HasciiCam,hasciicam,hasciicam.png,hasciicam
HDHomeRun Config GUI,hdhr,/usr/share/pixmaps/hdhr.xpm,hdhr
Help,helppanelplugin,,help
HelpViewer,HelpViewer,/usr/share/pixmaps/HelpViewer.xpm,HelpViewer
Hephaestus,hephaestus,/usr/share/pixmaps/hephaestus.xpm,hephaestus
Hexen 2,hexen2,hexen2.png,hexen2
Hexen 2,uhexen2-hexen2,hexen2.png,hexen2
Hexter,hexter,/usr/share/pixmaps/hexter.xpm,hexter
Hipchat,atlassian-hipchat,hipchat.png,hipchat
Hira Drill,kanadic-fullkatahira,/usr/share/pixmaps/kdrill.xpm,kdrill
Hira+ Drill,kanadic-hira,/usr/share/pixmaps/kdrill.xpm,kdrill
HotelDruid,hoteldruid-launcher,hoteldruid.png,hoteldruid
Hotline Miami,Hotline Miami,steam,steam_icon_219150
HotShots,hotshots,/usr/share/pixmaps/hotshots.png,hotshots
HP Device Manage,hplip,/usr/share/hplip/data/images/128x128/hp_logo.png,hp_logo
HP Lip,hplip,/usr/share/hplip/data/images/128x128/hp_logo.png,hp_logo
HP Printer,hplj1020,/usr/share/pixmaps/hplj1020_icon.png,hplj1020_icon
HPLIP Fax Utility,hp-sendfax,/usr/share/hplip/data/images/128x128/hp_logo.png,hp_logo
HPLIP Fax Utility,hp-sendfax,/usr/share/pixmaps/HPmenu.xpm,HPmenu
HPLIP Toolbox,hplip,/usr/share/pixmaps/HPmenu.xpm,HPmenu
HPLIP Toolbox,hplip,/usr/share/hplip/data/images/128x128/hp_logo.png,hp_logo
HPLIP Toolbox,hplip-kubuntu,/usr/share/pixmaps/hp-logo.xpm,HPmenu
HTTraQt,httraqt,httraqt.xpm,httraqt
Hud Gui,hud-gui,,hud-gui
I Have No Tomatoes,tomatoes,/usr/share/pixmaps/tomatoes/icon.png,tomatoes
I-Nex,i-nex,/usr/share/pixmaps/i-nex-128.png,i-nex-128
I-Nex Library,i-nex-library,/usr/share/pixmaps/i-nex-128.png,i-nex-128
IBus Bopomofo Preferences,ibus-setup-bopomofo,/usr/share/ibus-pinyin/icons/ibus-bopomofo.svg,ibus-bopomofo
IBus Input Pad Setup,ibus-setup-input-pad,/usr/share/pixmaps/input-pad.png,input-pad
IBus LibBopomofo Preferences,ibus-setup-libbopomofo,/usr/share/ibus-libpinyin/icons/ibus-bopomofo.svg,ibus-bopomofo
IBus LibBopomofo Preferences,ibus-setup-libbopomofo,,ibus-bopomofo
IBus LibPinyin Setup,ibus-setup-libpinyin,/usr/share/ibus-libpinyin/icons/ibus-pinyin.svg,ibus-pinyin
IBus LibZhuyin Setup,ibus-setup-libzhuyin,/usr/share/ibus-libzhuyin/icons/ibus-zhuyin.svg,ibus-zhuyin
IBus Pinyin Setup,ibus-setup-pinyin,/usr/share/ibus-pinyin/icons/ibus-pinyin.svg,ibus-pinyin
IBus SKK Setup,ibus-setup-skk,/usr/share/ibus-skk/icons/ibus-skk.svg,ibus-skk
IBus Table Setup,ibus-setup-table,/usr/share/ibus-table/icons/chinese.svg,chinese
IBus Typing Booster Setup,ibus-setup-typing-booster,/usr/share/ibus-typing-booster/icons/ibus-hunspell-table.svg,ibus-hunspell-table
ibus-sharada-braille-abbreviation-editor,ibus-sharada-braille-abbreviation-editor,/usr/share/ibus-sharada-braille/icons/ibus-sharada-braille.png,ibus-sharada-braille
ibus-sharada-braille-language-editor,ibus-sharada-braille-language-editor,/usr/share/ibus-sharada-braille/icons/ibus-sharada-braille.png,ibus-sharada-braille
ibus-sharada-braille-preferences,ibus-sharada-braille-preferences,/usr/share/ibus-sharada-braille/icons/ibus-sharada-braille.png,ibus-sharada-braille
IDLE,idle,/usr/share/pixmaps/idle.xpm,python-idle
IDLE (Python 2.7),idle-python2.7,/usr/share/pixmaps/python2.7.xpm,python-idle
IDLE (Python 3.2),idle-python3.2,/usr/share/pixmaps/python3.2.xpm,python-idle
IDLE (Python 3.3),idle-python3.3,/usr/share/pixmaps/python3.3.xpm,python-idle
IDLE (Python 3.4),idle-python3.4,/usr/share/pixmaps/python3.4.xpm,python-idle
IDLE (Python 3.5),idle-python3.5,/usr/share/pixmaps/python3.5.xpm,python-idle
IDLE (Python 3.6),idle-python3.6,/usr/share/pixmaps/python3.6.xpm,python-idle
IDLE 3,idle3,/usr/share/pixmaps/idle3.xpm,python-idle
ifpgui,ifpgui,,ifpgui
Image Magick,display.im6,display.im6,imagemagick
ImageMagick (display),display.im6,/usr/share/pixmaps/display.im6.xpm,display.im6
indicator-china-weather,indicator-china-weather,chinaweather.png,chinaweather
Input Method,uim,/usr/share/uim/pixmaps/uim-icon.png,uim-icon
Intel Graphics Installer,intel-linux-graphics-installer,/usr/share/intel-linux-graphics-installer/images/logo.png,intel-installer
Intel Graphics Installer,intel-graphics-update-tool,/usr/share/intel-linux-graphics-installer/images/logo.png,intel-installer
Intellij IDE,intellij-idea,hardcoded,idea
Intellij IDE,jetbrains-idea,hardcoded,idea
Intellij IDE,jetbrains-idea-ce,hardcoded,idea
Intellij IDE,idea,/opt/idea/bin/idea.png,idea
Intellij IDE,intellij-idea,/opt/idea-IC/bin/idea.png,idea
Internet DJ Console,idjc,/usr/share/pixmaps/idjc.png,idjc
IPython/Jupyter QtConsole,ipython-qtconsole,gnome-netstatus-idle,ipython
IPython/Jupyter QtConsole,jupyter-qtconsole,gnome-netstatus-idle,ipython
IPYthon/Jupyter QtConsole,jupyter-qtconsole,/usr/lib/python3.5/site-packages/qtconsole/resources/icon/JupyterConsole.svg,ipython
ISO Master,isomaster,/usr/share/isomaster/icons/isomaster.png,isomaster
ISO Master,isomaster,/usr/share/icons/isomaster/isomaster.png,isomaster
Itch.io,itch,itch.png,itch
J-Pilot,jpilot,jpilot.xpm,jpilot
JabRef,jabref,/usr/share/pixmaps/jabref32.xpm,jabref
JACK Timemachine,timemachine,/usr/share/timemachine/pixmaps/timemachine-icon.png,timemachine-icon
JACK Timemachine,timemachine,,timemachine-icon
JackEQ,jackeq,/usr/share/jackeq/thai-gold.png,thai-gold
JAMin,jamin,jamin.svg,jamin
JavaMorph,javamorph,/usr/share/pixmaps/JavaMorph.xpm,JavaMorph
jfractionlab,jfractionlab,/usr/share/jfractionlab/images/jfractionlab_icon.svg,jfractionlab_icon
JFractionLab,JFractionLab,/usr/share/jfractionlab/images/jfractionlab_icon.svg,jfractionlab_icon
Jitsi,jitsi,/usr/share/pixmaps/jitsi.svg,jitsi
JMeter,jmeter,/usr/share/pixmaps/jmeter.jpg,jmeter
Joxi,joxi,/opt/joxi/icon_64.png,joxi
Jump'n'Bump,jumpnbump,/usr/share/pixmaps/jumpnbump.xpm,jumpnbump
K-3D,k3d,/usr/share/k3d/icons/k3d.png,k3d
K3DSurf,k3dsurf,/usr/share/pixmaps/k3dsurf.xpm,k3dsurf
Kabikaboo,kabikaboo,/usr/share/kabikaboo/kabikaboo.png,kabikaboo
Kana Kanji Conversion Preferences,ibus-setup-kkc,/usr/share/ibus-kkc/icons/ibus-kkc.svg,ibus-kkc
Kata Drill,kanadic-kataplus,/usr/share/pixmaps/kdrill.xpm,kdrill
Kata+ Drill,kanadic-hiraplus,/usr/share/pixmaps/kdrill.xpm,kdrill
Katoob,katoob,katoob-icon.pmg,katoob-icon
Kayali,kayali,kayali.svg,kayali
KDrill,kdrill,/usr/share/pixmaps/kdrill.xpm,kdrill
Kerbal Space Program,Kerbal Space Program,steam,steam_icon_220200
KeyTouch Editor,keytouch-editor,/usr/share/keytouch-editor/pixmaps/icon.png,keytouch
KLatexFormula,klatexformula,/usr/share/pixmaps//klatexformula-64.png,klatexformula
Klavaro,klavaro,/usr/share/icons/hicolor/24x24/apps/klavaro.png,klavaro
Komodo Edit,komodo-edit,/opt/komodo-edit/share/icons/komodo48.png,komodo
Krank,krank,/usr/share/games/krank/krank.xpm,krank
L2TP Ipsec VPN Applet,L2tpIPsecVpn-Applet,/usr/share/L2tpIPsecVpn/logo.png,l2tp-ipsec-vpn
L2TP Ipsec VPN Manager,L2TP-Ipsec-VPN-Manager,/usr/share/L2tpIPsecVpn/logo.png,l2tp-ipsec-vpn
LaTeXDraw,latexdraw,/usr/share/pixmaps/latexdraw32.xpm,latexdraw
Layout Editor,layout,/usr/share/icons/hicolor/48x48/apps/layout.png,layout
Layout Editor,layout,layout.png,layout
Le Biniou,lebiniou,/usr/share/pixmaps/lebiniou.xpm,lebiniou
Left 4 Dead 2,Left 4 Dead 2,steam,steam_icon_550
Left 4 Dead 2 (beta),Left 4 Dead 2 Beta,steam,steam_icon_223530
LetoDMS,letodms,logo_letodms_32x32.xpm,logo_letodms_32x32
LGeneral,lgeneral,/usr/share/pixmaps/lgeneral48.png,lgeneral
Lightworks,lightworks,/usr/share/lightworks/Icons/App.png,lightworks
Lincity,lincity,/usr/share/pixmaps/lincity.xpm,lincity
Lincity-NG,lincity-ng,lincity-ng.png,lincity-ng
Lingot,lingot,/usr/share/pixmaps/lingot/lingot-icon.svg,lingot-icon
LinkChecker Commandline,linkchecker,logo48x48,linkchecker
LinkChecker Gui,linkchecker-gui,logo48x48,linkchecker
Linphone,linphone,/usr/share/pixmaps/linphone/linphone.png,linphone
Linsmith,linsmith,/usr/share/pixmaps/linsmith/linsmith_icon.xpm,linsmith
LinSSID,linssid,/usr/share/pixmaps/linssid48.png,linssid
Little Inferno,Little Inferno,steam,steam_icon_221260
Little Wizard,littlewizard,/usr/share/pixmaps/littlewizard/littlewizard-icon.png,littlewizard-icon
Logical Volume Management,system-config-lvm,/usr/share/system-config-lvm/pixmaps/lv_icon.png,lv_icon
Logout,logout,/usr/share/unity/icons/logout_highlight.png,system-logout
LRF Viewer,lrfviewer,calibre,calibre-gui
LTris,ltris,/usr/share/icons/ltris48.gif,ltris
Ltris,ltris,/usr/share/icons/ltris48.gif,ltris
Lucky Backup,luckybackup,/usr/share/pixmaps/luckybackup.png,luckybackup
Lucky Backup (GNOME),luckybackup-gnome-su,/usr/share/pixmaps/luckybackup.png,luckybackup
Lucky Backup (KDE),luckybackup-kde-su,/usr/share/pixmaps/luckybackup.png,luckybackup
luckyBackup,luckybackup,/usr/share/pixmaps/luckybackup.png,luckybackup
luckyBackup (super user),luckybackup-gnome-su,/usr/share/pixmaps/luckybackup.png,luckybackup
LuserNET News Reader,LuserNET,/usr/share/GNUstep/LuserNET.app/News.app.tiff,News.app
LuxRender,luxrender,/usr/share/pixmaps/luxrender.svg,luxrender
Lxkeymap,lxkeymap,/usr/share/lxkeymap/media/icon.png,lxkeymap
Lynkeos Image Processor,Lynkeos,/usr/lib/GNUstep/Applications/Lynkeos.app/Resources/Lynkeos.png,lynkeos.app
Lyricue,lyricue,/usr/share/lyricue/lyricue-icon.png,lyricue
Lyricue Server,lyricue_display,/usr/share/lyricue/lyricue-icon.png,lyricue
Maelstrom,maelstrom,/usr/share/games/maelstrom/icon32.xpm,maelstrom
Magicor,magicor,/usr/share/pixmaps/magicor.png,magicor
MailNag,mailnag_config,/usr/share/mailnag/mailnag.svg,mailnag
MakeHuman,makehuman,/usr/share/makehuman/icons/makehuman.svg,makehuman
Mancy,mancy,/usr/share/mancy/icons/mancy.png,mancy
Mandelbulber,mandelbulber,/usr/share/mandelbulber/icons/mandelbulber.png,mandelbulber
Maps,maps,/usr/share/maps/media/maps.svg,maps
Maps,maps,/usr/share/openstreetmap-client/media/maps.svg,openstreetmap
Master PDF Editor,MasterPdfEditor,/opt/master-pdf-editor/master-pdf-editor.png,master-pdf-editor
Master PDF Editor 3,MasterPdfEditor,/opt/master-pdf-editor-3/masterpdfeditor3.png,masterpdfeditor3
Master PDF Editor 3,masterpdfeditor3,/opt/master-pdf-editor-3/masterpdfeditor3.png,masterpdfeditor3
Master PDF Editor 3,masterpdfeditor3,masterpdfeditor3.png,masterpdfeditor3
Master PDF Editor 4,MasterPDFEditor,/opt/master-pdf-editor-4/masterpdfeditor4.png,masterpdfeditor
MATE,mate,,start-here-mate
Matita,matita,/usr/share/matita/icons/matita.png,matita
Matlab,matlab,/usr/share/icons/hicolor/48x48/apps/matlab.png,matlab
Matlab 2013b,matlab2013b,/opt/MATLAB/R2013b/X11/icons/matlab48c_icon.xpm,matlab
Media Player,mediaplayer-app,/usr/share/mediaplayer-app/mediaplayer-app.png,mediaplayer-app
MediaElch,MediaElch,/usr/share/pixmaps/MediaElch.png,mediaelch
MediaImporter,MediaImporter,/usr/share/pixelmed/icons/MediaImporter.png,MediaImporter
Melange,cream-melange,/usr/share/cream/org.cream.Melange/data/melange.png,melange
MeMaker,memaker,/usr/share/memaker/data/logo.svg,memaker
MeshLab,meshlab,/usr/share/pixmaps/meshlab_32x32.xpm,meshlab
Messaging,messaging-app,/usr/share/messaging-app/assets/messaging-app.png,messaging-app
MGM System Monitor,mgm,/usr/share/pixmaps/mgm.xpm,mgm
mialmpick Version  0.2.10,mia-lmpick,/usr/share/pixmaps/mialmpick/,mialmpick
MicroPeak,altusmetrum-micropeak,/usr/share/icons/hicolor/scalable/apps/altusmetrum-micropeak.svg,altusmetrum-micropeak
Micropolis,micropolis,/usr/share/icons/Micropolis.png,Micropolis
MidiEditor,MidiEditor,midieditor.png,midieditor
mikutter,mikutter,/usr/share/mikutter/core/skin/data/icon.png,mikutter
Mines,Mines,/usr/lib/GNUstep/Applications/Mines.app/Resources/Mines.tiff,Mines
Mint Audio Tag,audio-tag-tool,/usr/lib/linuxmint/mintInstall/icon.svg,audio-tag-tool
Mint Backup,mintbackup,/usr/lib/linuxmint/mintBackup/icon.png,mintbackup
Mint Backup,mintbackup,/usr/lib/linuxmint/mintBackup/icon.svg,mintbackup
Mint Backup,mintBackup,/usr/lib/linuxmint/mintBackup/icon.png,mintbackup
Mint Backup,mintBackup,/usr/lib/linuxmint/mintBackup/icon.svg,mintbackup
Mint Backup,mintbackup,/usr/share/pixmaps/mintbackup/icon.svg,mintbackup
Mint Backup,mintBackup_mime,/usr/lib/linuxmint/mintBackup/icon.png,mintbackup
Mint Backup,mintBackup_mime,/usr/lib/linuxmint/mintBackup/icon.svg,mintbackup
Mint Backup,mintbackup_mime,/usr/share/pixmaps/mintbackup/icon.svg,mintbackup
Mint Backup,mintbackup_mime,/usr/share/pixmaps/mintbackup/icon.png,mintbackup
Mint Drivers,mintdrivers,/usr/share/icons/hicolor/scalable/apps/driver-manager.svg,driver-manager
Mint Drivers,mintdrivers,/usr/share/pixmaps/mintdrivers.svg,driver-manager
Mint Nanny,mintNanny,/usr/lib/linuxmint/mintNanny/icon.svg,mintNanny
Mint Software Manager,software-manager,/usr/lib/linuxmint/mintInstall/icon.svg,software-manager
Mint Software Manager,mintInstall,/usr/lib/linuxmint/mintInstall/icon.svg,software-manager
Mint Software Manager,mintinstall,/usr/share/pixmaps/mintinstall.svg,mintinstall
Mint Software Sources,software-sources,/usr/share/icons/hicolor/scalable/apps/software-sources.svg,software-sources
Mint Software Sources,mintsources,/usr/share/icons/hicolor/scalable/apps/software-sources.svg,software-sources
Mint Software Sources,mintsources,/usr/share/pixmaps/mintsources.svg,software-sources
Mint Update Manager,mintUpdate,/usr/lib/linuxmint/mintUpdate/icons/base.svg,mintUpdate
Mint Upload Manager,mintupload,/usr/lib/linuxmint/mintUpload/icon.svg,mintUpload
Mint Upload Manager,mintupload,/usr/share/pixmaps/mintupload/icon.svg,mintUpload
MirrorMagic,mirrormagic,/usr/share/games/mirrormagic/graphics/mirrormagic.xpm,mirrormagic
MirrorMagic,mirrormagic,,mirrormagic
MKV Extractor GUI,mkv-extractor-gui,/usr/share/icons/hicolor/256x256/apps/mkv-extractor-gui.png,mkv-extractor-gui
Mobile Atlas Creator,mobile-atlas-creator,,mobile-atlas-creator
Mobile Atlas Creator,mobile-atlas-creator,/usr/share/pixmaps/mobile-atlas-creator/mobac.xpm,mobac
Model Builder,model-builder,/usr/share/pixmaps/MB.ico,mb
Modem Manager GUI,modem-manager-gui,/usr/share/pixmaps/modem-manager-gui.png,modem-manager-gui
Money Manager Ex,mmex,/usr/share/icons/hicolor/scalable/apps/mmex.svg,mmex
Monsterz,monsterz,/usr/share/games/monsterz/graphics/icon.png,monsterz
Movie creator ffDiaporama,ffDiaporama,/usr/share/ffDiaporama/application-ffDiaporama.png,ffdiaporama
Mozc Setup,setup-mozc,/usr/share/icons/mozc/ime_product_icon_opensource-32.png,mozc
Mp3splt-gtk audio splitter,mp3splt-gtk,/usr/share/pixmaps/mp3splt-gtk_ico.svg,mp3splt-gtk_ico
MPDCon,MPDCon,/usr/lib/GNUstep/Applications/MPDCon.app/Resources/MPDCon.tiff,mpdcon.app
MRview,mrtrix,/usr/share/pixmaps/mrtrix.xpm,mrtrix
MultiBootUSB,multibootusb,/usr/share/pixmaps/multibootusb.png,multibootusb
MultiBootUSB,multibootusb,multibootusb.png,multibootusb
MultiGet,multiget,/usr/share/pixmaps/multiget_48.xpm,multiget
Mundus,mundus,/usr/share/pixmaps/mundus.svg,mundus
MX Find Shares,mx-findshares,mx-findshares.png,mx-findshares
My Weather Indicator,my-weather-indicator,/opt/extras.ubuntu.com/my-weather-indicator/share/pixmaps/my-weather-indicator.png,my-weather-indicator
My Weather Indicator (extras),extras-my-weather-indicator,/opt/extras.ubuntu.com/my-weather-indicator/share/pixmaps/my-weather-indicator.png,my-weather-indicator
MyNotex,MyNotex,mynotex.png,mynotex
MyNotex,MyNotex,/opt/mynotex/icon.png,mynotex
MythNetTV,mythnettv,/usr/share/mythnettv-gui/mythnettv-gui-logo.svg,mythnettv-gui
MyTourbook,mytourbook,mytourbook.xpm,mytourbook
nagstamon,nagstamon,/usr/share/nagstamon/Nagstamon/resources/nagstamon.svg,nagstamon
Nagstamon,nagstamon,/usr/share/pixmaps/nagstamon.svg,nagstamon
Nagstamon,nagstamon,/usr/share/nagstamon/Nagstamon/resources/nagstamon.svg,nagstamon
National Geographic Wallpaper,extras-national-geographic-wallpaper,/opt/extras.ubuntu.com/national-geographic-wallpaper/share/icons/national-geographic-wallpaper.svg,national-geographic-wallpaper
Natural Selection 2,Natural Selection 2,steam,steam_icon_4920
Nautilus scripts manager,nautilus-scripts-manager,nautilus-scripts-manager.svg,nautilus-scripts-manager
needrestart,needrestart,/usr/share/needrestart-session/needrestart.svg,needrestart
needrestart-session,needrestart-session,/usr/share/needrestart-session/needrestart.svg,needrestart
Nekobee,nekobee,,nekobee
NetApplet,net_applet,/usr/share/libDrakX/pixmaps/connected.png,netapplet
Netbeans IDE,netbeans,/usr/share/netbeans/7.0.1/nb/netbeans.png,netbeans
Netbeans IDE,netbeans,/usr/share/netbeans/8.0/nb/netbeans.png,netbeans
Netbeans IDE,netbeans-8.0.1,/usr/share/netbeans/8.0.1/nb/netbeans.png,netbeans
NetEmul,netemul,/usr/share/netemul/pixmap/NetEmul.png,netemul
Netflix,netflix,/var/lib/wine-browser-installer/NetflixIcon.png,netflix
Netrek,netrek-client-cow,/usr/share/pixmaps/netrek-client-cow/icon.png,netrek-client-cow
Network Center,draknetcenter,/usr/share/mcc/themes/default/netcenter.png,netcenter
NetWorx,networx,networx.png,networx
Ninja IDE,ninja-ide,/usr/share/ninja-ide/img/icon.png,ninja-ide
Nitro Tasks,nitrotasks,/usr/share/nitrotasks/media/nitrotasks.png,nitrotasks
NmapSI4 - Full mode,nmapsi4-admin,/usr/share/icons/hicolor/32x32/apps/nmapsi4.png,nmapsi4
NmapSI4 - User mode,nmapsi4,/usr/share/icons/hicolor/32x32/apps/nmapsi4.png,nmapsi4
Notes,notes-app,/usr/share/notes-app/notepad@30.png,notes-app
NotifyOSD,notifyosdconf,/usr/share/notifyosdconf/not.png,notifyconf
Nsight Eclipse Edition,nsight,/opt/cuda/libnsight/icon.xpm,nsight
NUnit,nunit,/usr/share/icons/NUnit/nunit.ico,nunit
Nvidia Settings,nvidia-settings,/usr/share/pixmaps/nvidia-settings.png,nvidia-settings
NVIDIA Visual Profiler,nvvp,/opt/cuda/libnvvp/icon.xpm,nvvp
NVIDIA X Server Settings,nvidia-settings,/usr/share/doc/NVIDIA_GLX-1.0/nvidia-settings.png,nvidia-settings
Nymgo,nymgo,nymgo.png,nymgo
OCRFeeder,ocrfeeder,/usr/share/ocrfeeder/icons/ocrfeeder.svg,ocrfeeder
OmegaT,omegat,/usr/share/omegat/images/OmegaT.xpm,omegat
OnionShare,onionshare,/usr/share/pixmaps/onionshare80.xpm,onionshare80
Online Accounts,online-accounts-ui,,preferences-online-accounts
Online Accounts,online-accounts-ui,,online-accounts-ui
Openbox Settings,obconf-qt,/usr/share/pixmaps/obconf-qt.png,obconf-qt
openMSX,openmsx,/usr/share/openmsx/icons/openMSX-logo-128.png,openMSX-logo
openMSX Catapult,openMSX-Catapult,/usr/share/openmsx-catapult/resources/bitmaps/about.png,openMSX-catapult
OpenRocket,openrocket,/usr/share/pixmaps/openrocket.xpm,openrocket
openSCAD,openscad,/usr/share/pixmaps/openscad.png,openscad
Opensong,opensong,/opt/OpenSong/opensong.xpm,opensong
OpenVAS-Client,OpenVAS-Client,OpenVAS-Client.xpm,OpenVAS-Client
OptGeo,optgeo,/usr/share/pixmaps/optgeo-48.png,optgeo
Oregano,oregano,gnome-oregano.svg,gnome-oregano
OS-Uninstaller,os-uninstaller,/usr/share/boot-sav/x-os-uninstaller.png,x-os-uninstaller
Oscilloscope,ll-scope,/usr/lib/dssi/ll-scope/icon.png,oscilloscope
oStorybook,oStorybook,/usr/share/oStorybook/oStorybook-icon.png,ostorybook
Out Of Order,out-of-order,/usr/share/pixmaps/out-of-order.xpm,out-of-order
OVITO,ovito,/usr/share/ovito/ovito_icon.png,ovito
Pacemaker GUI,crm_gui,/usr/share/heartbeat-gui/ha.png,ha
Packettracer,packettracer,/usr/share/icons/packettracer.jpeg,packettracer
Pacman for Console,pacman4console,pacman4console.xpm,pacman4console
PacmanXG,pacmanxg,/usr/share/pixmaps/pacmanxg.png,pacmanxg
Padre,padre,/usr/share/pixmaps/padre.xpm,padre
Padre,padre,/usr/lib/perl5/vendor_perl/5.16.3/auto/share/dist/Padre/icons/padre/64x64/logo.png,padre
Padre,padre,/usr/lib/perl5/vendor_perl/5.16.3/auto/share/dist/Padre/icons/padre/64x64/logo.png,padre
PainTown,paintown,paintown.png,paintown
Pamac (Install),pamac-install,/usr/share/pamac/icons/32x32/apps/pamac.png,system-software-install
Pamac (Update),pamac-update,/usr/share/pamac/icons/32x32/apps/pamac.png,system-software-update
Parano,parano,parano-icon.png,parano
Parental Controls,lxqt_drakguard,/usr/lib/libDrakX/icons/drakguard.png,drakguard
Pasaffe,pasaffe,/usr/share/pasaffe/media/pasaffe.svg,pasaffe
Pax Britannica,pax-britannica,/usr/share/pixmaps/pax-britannica.png,pax-britannica
PCManX BBS Client,pcmanx,/usr/share/pixmaps/pcmanx.svg,pcmanx
PDF Editor,pdfedit,/usr/share/pdfedit/icon/pdfedit_logo.png,pdfedit
PDFsam,pdfsam,/usr/share/pdfsam/pdf.png,pdfsam
Peakidentifier,peakidentifier,/usr/share/pixmaps/pymca.xpm,pymca
Peg-Solitaire,peg-solitaire,/usr/share/pixmaps/peg-solitaire.xpm,peg-solitaire
Pencil,pencil,/usr/share/pencil/skin/classic/icon.svg,pencil
Penguin Command,penguin-command,/usr/share/games/penguin-command/gfx/icon.xpm,penguin-command
Penumbra: Black Plague,Penumbra: Black Plague,steam,steam_icon_22120
Penumbra: Overture,Penumbra: Overture,steam,steam_icon_22180
Penumbra: Requiem,Penumbra: Requiem,steam,steam_icon_22140
Personal firewall,lxqt_drakfirewall,/usr/lib/libDrakX/icons/drakfirewall.png,drakfirewall
pgAdmin3,pgadmin3,/usr/share/pgadmin3/pgAdmin3.png,pgAdmin3
pgModeler,pgmodeler,/etc/pgmodeler/pgmodeler_logo.png,pgmodeler
Phone,dialer-app,/usr/share/dialer-app/assets/dialer-app.png,dialer-app
Photoshop CS6,Photoshop CS6,hardcoded,AdobePhotoshop
PHP Storm,phpstorm,/opt/phpstorm/bin/webide.png,phpstorm
PHP Storm,phpstorm,hardcoded,phpstorm
PHP Storm,jetbrains-phpstorm,hardcoded,phpstorm
PHP Storm,jetbrains-phpstorm-ce,hardcoded,phpstorm
PHPStorm,jetbrains-phpstorm,hardcoded,phpstorm
Picasa,picasa,/opt/google/picasa/3.0/desktop/picasa.xpm,picasa
Picasa Font Settings,picasa-fontcfg,/opt/google/picasa/3.0/desktop/picasa-fontcfg.xpm,picasa-fontcfg
Pink Pony,pink-pony,/usr/share/pixmaps/pink-pony.png,pink-pony
Pixeluvo,pixeluvo,/opt/pixeluvo/pixeluvo.png,pixeluvo
Playbox,playbox,/opt/playbox/icon.xpm,playbox
PlayOnLinux,playonlinux,/usr/share/playonlinux/etc/playonlinux.png,playonlinux
PLM,plm,/usr/share/icons/hicolor/22x22/apps/plm.png,plm
pLoader,ploader,/usr/share/pixmaps/ploader.xpm,ploader
PlopFolio,PlopFolio,/usr/lib/GNUstep/Applications/PlopFolio.app/Resources/PlopFolio.tiff,plopfolio.app
Poe,Poe,/usr/lib/GNUstep/Applications/Poe.app/Resources/Poe.tiff,Poe
Pomidor,pomidor,/usr/share/pomidor/media/pomidor.svg,pomidor
ponoff,ponoff,/usr/share/pixmaps/ponoff.png,ponoff
PostBooks,postbooks,/usr/share/pixmaps/xTuple.xpm,xTuple
PostBooks Updater,postbooks-updater,/usr/share/pixmaps/xTuple.xpm,xTuple
Postgres Forms (pfm),pfm-postgresforms,/usr/share/pfm/pfm-icon.png,pfm-icon
pregap4,pregap4,/usr/share/staden/icon4bl.svg,icon4bl
Preview,Preview,/usr/lib/GNUstep/Applications/Preview.app/Resources/Preview.tiff,Preview
PRICE,PRICE,/usr/lib/GNUstep/Applications/PRICE.app/Resources/price-icon-os.tiff,price-icon-os
Print,ubuntu-printing-app,/usr/share/ubuntu-printing-app/ubuntu-printing-app/ubuntu-printing-app.svg,printer-printing
Print Queue,ubuntu-queue-dialog,/usr/share/ubuntu-printing-app/queue-dialog/ubuntu-queue-dialog.svg,printer
Prison Architect,Prison Architect,steam,steam_icon_233450
ProjectCenter,ProjectCenter,/usr/share/pixmaps/ProjectCenter.xpm,projectcenter.app
ProjectLibre,projectlibre,/usr/share/pixmaps/projectlibre.png,projectlibre
projectM Jack Audio Visualization,projectM-jack,prjm16-transparent.svg,prjm16-transparent
Pumpa,pumpa,/usr/share/icons/hicolor/32x32/apps/pumpa.png,pumpa
Pushbullet indicator,extras-pushbullet-indicator,/opt/extras.ubuntu.com/pushbullet-indicator/share/pushbullet-indicator/icons/pushbullet-indicator.svg,pushbullet-indicator
PushBullet-Indicator,extras-pushbullet-indicator,/opt/extras.ubuntu.com/pushbullet-indicator/share/pushbullet-indicator/icons/pushbullet-indicator.svg,pushbullet-indicator
Py-Loader,Py-Loader, /usr/share/pixmaps/python.xpm,python
pyAcidoBasic,pyacidobasic,/usr/share/pyacidobasic/icons/pyacidobasic.svg,pyacidobasic
PyBridge,pybridge,/usr/share/pybridge/pixmaps/pybridge.png,pybridge
Pycharm,pycharm,hardcoded,pycharm
Pycharm,jetbrains-pycharm,hardcoded,pycharm
Pycharm,pycharm,/opt/pycharm/bin/pycharm.png,pycharm
Pycharm,jetbrains-pycharm-ce,hardcoded,pycharm
PyCrust,pycrust,/usr/share/pixmaps/pycrust,pycrust
PyKaraoke,pykaraoke,/usr/share/pykaraoke/icons/pykaraoke.xpm,pykaraoke
PyKaraoke Mini,pykaraoke_mini,/usr/share/pykaraoke/icons/pykaraoke.xpm,pykaraoke
pyMapperGUI,pymappergui,/usr/share/pixmaps/pymappergui.png,pymappergui
PyMCA,pymca,/usr/share/pixmaps/pymca.xpm,pymca
PyMCA ROI tool,pymcaroitool,/usr/share/pixmaps/pymca.xpm,pymca
pyMecaVideo,pymecavideo,/usr/share/pixmaps/pymecavideo-48.png,pymecavideo-48
pyNeighborhood,pyNeighborhood,/usr/share/pyneighborhood/icons/pyneighborhood.png,pyneighborhood
Pypar 2,pypar2,pypar2.png,pypar2
PyQSO,pyqso,/usr/share/icons/log_64x64.png,log_64x64
pyRenamer,pyrenamer,/usr/share/pyrenamer/pyrenamer.png,pyrenamer
Pyromaths,pyromaths,/usr/share/pixmaps/pyromaths.png,pyromaths
PyRoom,pyroom,/usr/share/pyroom/pyroom.png,pyroom
PySol Fan Club Edition,pysol,/usr/share/icons/pysol01.png,pysol
PySyCache,pysycache,/usr/share/pixmaps/pysycache.png,pysycache
PySyCache Admin,pysycache-admin,/usr/share/pixmaps/pysycache.png,pysycache
Python (v2.6),python2.6,/usr/share/pixmaps/python2.6.xpm,python
Python (v2.7),python2.7,/usr/share/pixmaps/python2.7.xpm,python
Python (v3.0),python3.0,/usr/share/pixmaps/python3.0.xpm,python
Python (v3.1),python3.1,/usr/share/pixmaps/python3.1.xpm,python
Python (v3.2),python3.2,/usr/share/pixmaps/python3.2.xpm,python
Python (v3.3),python3.3,/usr/share/pixmaps/python3.3.xpm,python
Python (v3.4),python3.4,/usr/share/pixmaps/python3.4.xpm,python
Python (v3.5),python3.5,/usr/share/pixmaps/python3.5.xpm,python
Python (v3.6),python3.6,/usr/share/pixmaps/python3.6.xpm,python
Python (v3.7),python3.7,/usr/share/pixmaps/python3.7.xpm,python
Python Interpreter,python,/usr/share/pixmaps/python.xpm,python
python-whiteboard,python-whiteboard,pywb_pixmap.xpm,pywb_pixmap
QARecord,qarecord,/usr/share/pixmaps/qarecord_48.xpm,qarecord
QCAD,QCad,/usr/share/pixmaps/qcad_icon.png,qcad_icon
Qdacco dictionary,qdacco,/usr/share/qdacco/qdacco.png,qdacco
Qemu Launcher,qemu-launcher,qemu-launcher.svg,qemu-launcher
QGifer,qgifer,/usr/share//icons/qgifer.xpm,qgifer
QLE,extras-qlequicklisteditor,/usr/share/pixmaps/qle_pix/logoqle2.svg,logoqle2
QLE Unity Quicklist Editor,extras-qlequicklisteditor,/usr/share/pixmaps/qle_pix/logoqle2.svg,logoqle2
Qliss3D,qliss3d,/usr/share/pixmaps/qliss3d.xpm,qliss3d
QNapi,qNapi,/usr/share/icons/qnapi-48.png,qnapi-48
qPDFview,qpdfview,/usr/share/qpdfview/qpdfview.svg,qpdfview
Qreator,qreator,/usr/share/qreator/media/qreator.svg,qreator
QTikZ,qtikz,/usr/share/qtikz/qtikz-128.png,qtikz
QTM,qtm,/usr/share/icons/qtm-logo1.png,qtm-logo1
Qucs,qucs,/usr/share/pixmaps/big.qucs.xpm,qucs
qutIM,qutim,/usr/share/pixmaps/qutim.png,qutim
R,r,/usr/share/pixmaps/r.png,rlogo_icon
R Commander,Rcmdr,/usr/lib/R/site-library/Rcmdr/etc/linux/Rcmdr.svg,Rcmdr
Raccoon,raccoon,/usr/share/pixmaps/raccoon.svg,raccoon
Ratpoison,ratpoison,,ratpoison
Reactivate HP LaserJet 1018/1020 after reloading paper,hplj1020,/usr/share/pixmaps/hplj1020_icon.png,hplj1020_icon
Reboot,reboot,/usr/share/unity/icons/restart_highlight.png,system-restart
Receitanet 1.07,rfb-receitanet,/opt/Programas RFB/Receitanet/imagens/Receitanet.xpm,Receitanet
RedisDesktopManager,rdm,/usr/share/redis-desktop-manager/bin/rdm.png,rdm
Reditr,reditr,/opt/reditr/128x128.png,reditr
Remarkable,remarkable,/usr/share/remarkable/media/remarkable.svg,remarkable
Reminders,com.ubuntu.reminders,/usr/share/reminders/reminders.png,reminders
REminiscence,reminiscence,,reminiscence
RemoteBox,remotebox,remotebox.png,remotebox
Remotedesktop Client,grdesktop,grdesktop.png,grdesktop
Remove orphaned packages,gtkorphan,/usr/share/pixmaps/gtkorphan.png,gtkorphan
Report Bug,reportbug,/usr/share/reportbug/debian-swirl.svg,debian-swirl
Reportbug,reportbug,/usr/share/reportbug/debian-swirl.svg,debian-swirl
Reportbug-NG,reportbug-ng,/usr/share/pixmaps/debian-logo.png,debian-logo
Reportbug-NG,reportbug-ng,/usr/share/pixmaps/rng.xpm,rng
RFB Receitanet,rfb-receitanet,/opt/Programas RFB/Receitanet/imagens/Receitanet.xpm,Receitanet
RFB Receitanet Ajuda,rfb-receitanet-ajuda,/opt/Programas RFB/Receitanet/imagens/Ajuda.xpm,Ajuda
RFDump,rfdump,/usr/share/pixmaps/rfdump.png,rfdump
Ring GNOME CLient,gnome-ring,/usr/share/icons/hicolor/scalable/apps/ring.svg,ring
Risk of Rain,Risk of Rain,steam,steam_icon_248820
RoboJournal,robojournal,/usr/share/icons/robojournal64.png,robojournal
Robomongo,robomongo,robomongo.png,robomongo
Rocket.Chat,rocketchat,/opt/rocketchat/icon.png,rocketchat
Ruby Browser,rbbr,/usr/share/rbbr/icon.png,rbbr
RubyMine,jetbrains-rubymine,hardcoded,rubymine
RubyMine,jetbrains-rubymine,/opt/RubyMine-7.0.2/bin/RMlogo.svg,rubymine
RubyMine,rubymine,/opt/rubymine/bin/RMlogo.svg,rubymine
RubyMine,jetbrains-rubymine-ce,hardcoded,rubymine
Rxvt Color Unicode Terminal,rxvt-unicode,urxvt_48x48.xpm,urxvt_48x48
Sabnzbd,sabnzbd,/usr/share/SABnzbd/icons/nzb.ico,SABnzbd
Sadms,sadms,/usr/share/sadms-2.0.15/sadms.png,sadms
Sadms-ACLs,sadms-fsacls,/usr/share/sadms-2.0.15/sadms.png,sadms
Sadms-Globals,sadms-globs,/usr/share/sadms-2.0.15/sadms.png,sadms
Sadms-Share,sadms-share,/usr/share/sadms-2.0.15/sadms.png,sadms
Sadms-Shares,sadms-shares,/usr/share/sadms-2.0.15/sadms.png,sadms
Sadms-User,sadms-users,/usr/share/sadms-2.0.15/sadms.png,sadms
Scheduled tasks,gnome-schedule,/usr/share/pixmaps/gnome-schedule/gnome-schedule.svg,gnome-schedule
Schematic Editor,schematic,layout.png,schematic
Scid,scid,/usr/share/pixmaps/scid.xpm,scid
Scid,scid,/usr/share/pixmaps/scid.png,scid
Scid vs. PC,skid_vs_pc,/usr/share/pixmaps/scid.png,scid
Scilab,scilab,/usr/share/scilab/icons/scilab.xpm,scilab
Scilab adv CLI,scilab-adv-cli,/usr/share/scilab-cli/icons/scilab.xpm,scilab
Scilab advanced CLI,scilab-adv-cli,/usr/share/scilab-cli/icons/scilab.xpm,scilab
Scilab CLI,scilab-cli,/usr/share/scilab-cli/icons/scilab.xpm,scilab
ScolaSync,scolasync,/usr/share/scolasync/images/scolasync.png,scolasync
Scopes,unity8-dash,/usr/share/unity8/Dash/unity8-dash.png,unity8-dash
Screenlets,screenlets-manager,/usr/share/icons/screenlets.svg,screenlets
ScreenRuler,gnome-screenruler,screenruler-icon-32x32.png,screenruler
Scribus,scribus,/usr/share/scribus/icons/scribus.png,scribus
ScudCloud,scudcloud,/opt/scudcloud/resources/scudcloud.png,scudcloud
Searchmonkey,searchmonkey,/usr/share/pixmaps/searchmonkey/searchmonkey-32x32.png,searchmonkey
Seetxt,seetxt,,seetxt
SelekTOR,selekTOR,/usr/share/icons/selektoricon.png,selektoricon
SelekTOR,selektor,/opt/selektor/resources/selektoricon.png,selektoricon
SelekTOR,selektor,/usr/share/icons/selektor-app.png,selektoricon
SelekTOR,selektor,/usr/share/icons/selektoricon.png,selektoricon
SelekTOR Proxy Reset,selektor-proxy-reset,/opt/selektor/resources/selektoricon.png,selektoricon
SelekTOR Proxy Reset,selektor-proxy-reset,/usr/share/icons/selektor-app.png,selektoricon
Seq24,seq24,/usr/share/pixmaps/seq24.xpm,seq24
Set up the graphical server,lxqt_XFdrake,/usr/share/mcc/themes/default/XFdrake-mdk.png,XFdrake-mdk
Shank,Shank,steam,steam_icon_6120
Shank 2,Shank 2,steam,steam_icon_6130
Shisen,Shisen,/usr/lib/GNUstep/Applications/Shisen.app/Resources/GShisen.tiff,gshisen
Shutdown,shutdown,/usr/share/unity/icons/shutdown_highlight.png,system-shutdown
Sid Meier's Civilization V,Sid Meier's Civilization V,steam,steam_icon_8930
Side-scrolling game,abe,/usr/share/pixmaps/abe.xpm,abe
Sigram,telegram,/opt/sigram/icons/icon.png,sigram
SimpleAgenda,SimpleAgenda,/usr/lib/GNUstep/Applications/SimpleAgenda.app/Resources/Calendar.tiff,Calendar
Simulation of Urban MObility,sumo,/usr/share/pixmaps/sumo_32x32.xpm,sumo
Singularity,singularity,/usr/share/pixmaps/singularity.xpm,singularity
Sitplus,sitplus,/usr/share/pixmaps/sitplus-32x32.xpm,sitplus
SIXpack,SIXpack,/usr/share/pixmaps/SIXpack.xpm,SIXpack
skippy-xd,skippy-xd,/usr/share/icons/skippy-xd.png,skippy-xd
Skype,skype,skype.png,skype
Skype Video Turning,skype-video-turning,skype.png,skype
Slack,slack,/usr/share/pixmaps/slack.png,slack
Slingscold,slingscold,/usr/share/icons/slingscold.png,slingscold
SmartGit,syntevo-smartgit,syntevo-smartgit.png,smartgithg
SmartGitHG,smartgithg,/opt/smartgithg/bin/smartgithg-256.png,smartgithg
SmartHitHG,syntevo-smartgithg-5,/usr/share/smartgithg-5/bin/smartgithg-128.png,smartgithg
Snake4,snake4,/usr/share/pixmaps/snake4.xpm,snake4
Snapshot,Snapshot,steam,steam_icon_204220
Soap UI 5.1.3,SoapUI-5.1.3,/opt/SmartBear/SoapUI-5.1.3/.install4j/SoapUI-5.1.3.png,SoapUI
Software Manager,mintinstall-mime,/usr/share/linuxmint/logo.png,mintInstall
Songwrite,songwrite,/usr/share/songwrite/data/songwrite_32x32.png,songwrite
Sources,mintsources,/usr/share/pixmaps/mintsources.svg,mintsources
Spacezero,spacezero,/usr/share/pixmaps/icon_spacezero.xpm,spacezero
SportsTracker,SportsTracker,/opt/SportsTracker/SportsTracker.png,sportstracker
SpringLobby,springlobby,springlobby.svg,springlobby
Springseed,springseed,/usr/share/pixmaps/springseed/springseed.svg,springseed
Sqledit,sqledit,,sqledit
SQLiteBrowser,sqlitebrowser,/usr/share/pixmaps/sqlitebrowser.svg,sqlitebrowser
Squeak,squeak,/usr/share/pixmaps/squeak.png,squeak
SQuirrel SQL,squirrel-sql,/usr/share/pixmaps/acorn.ico,squirrel-sql
SSH Tunnel Manager,gstm,gSTM.png,gSTM
Star Voyager,starvoyager,/usr/share/pixmaps/starvoyager.xpm,starvoyager
Starbound,Starbound,steam,steam_icon_211820
Steam Skin Manager,???,/usr/share/pixmaps/steamskinmanager.svg,steamskinmanager
StepBill,StepBill,/usr/lib/GNUstep/Applications/Gomoku.app/Resources/icon.tiff,StepBill
Stopwatch,stopwatch,/usr/share/pixmaps/stopwatch.xpm,stopwatch
Streamlight,streamlight-gui-launcher,streamlight-gui-launcher.png,streamlight-gui-launcher
streamstudio,StreamStudio,/usr/share/pixmaps/streamstudio.png,streamstudio
Streamtuner2,streamtuner2,streamtuner2.png,streamtuner2
StretchPlayer,stretchplayer,/usr/share/stretchplayer/icons/stretchplayer-icon-48x48.png,stretchplayer
StroQ,stroq,/usr/share/pixmaps/stroq-icon.xpm,stroq-icon
Subcommander,subcommander,/usr/share/pixmaps/subcommander.xpm,subcommander
Sun Java 5.0 Console,sun-java5-jconsole,/usr/share/icons/sun-java5.xpm,sun-java
Sun Java 5.0 Console,sun-java5-jconsole,/usr/share/pixmaps/sun-java5.xpm,sun-java
Sun Java 5.0 Plugin Control Panel (32bit),ia32-sun-java5-controlpanel,/usr/share/pixmaps/ia32-sun-java5.xpm,sun-java
Sun Java 5.0 Policy Tool,sun-java5-policytool,/usr/share/icons/sun-java5.xpm,sun-java
Sun Java 5.0 Policy Tool,sun-java5-policytool,/usr/share/pixmaps/sun-java5.xpm,sun-java
Sun Java 5.0 Policy Tool (32bit),ia32-sun-java5-policytool,/usr/share/pixmaps/ia32-sun-java5.xpm,sun-java
Sun Java 5.0 Runtime,sun-java5-java,/usr/share/icons/sun-java5.xpm,sun-java
Sun Java 5.0 Runtime,sun-java5-java,/usr/share/pixmaps/sun-java5.xpm,sun-java
Sun Java 5.0 Runtime (32bit),ia32-sun-java5-java,/usr/share/pixmaps/ia32-sun-java5.xpm,sun-java
Sun Java 5.0 Web Start (32bit),ia32-sun-java5-javaws,/usr/share/pixmaps/ia32-sun-java5.xpm,sun-java
SuperTux,supertux,/usr/share/games/supertux/images/icon.xpm,supertux
SuperTuxKart,supertuxkart,/usr/share/pixmaps/supertuxkart_128.png,supertuxkart
SVG Cleaner,svgcleaner,/usr/share/icons/hicolor/scalable/apps/svgcleaner.svg,svgcleaner
SVN Workbench,svn-workbench,/usr/share/svn-workbench/wb.xpm,svn-workbench
SVP 4 Linux,svp-manager4,svp-manager4.png,svp-manager4
Sweep,sweep,sweep.svg,sweep
Syncthing-GTK,syncthing-gtk,/usr/share/syncthing-gtk/icons/st-logo-128.png,syncthing-gtk
Synergy,synergy,/usr/share/icons/synergy.ico,synergy
Synology Cloud Station Drive,synology-cloud-station-drive,/opt/Synology/CloudStation/images/ico_72_cloud_station.png,synology-cloud-station
System Profiler and Benchmark,hardinfo,/usr/share/hardinfo/pixmaps/logo.png,hardinfo
System Settings,ubuntu-system-settings,/usr/share/ubuntu/settings/system/system-settings.png,system-settings
TalkSoup,TalkSoup,TalkSoup.tiff,TalkSoup
TCOS Server Configurator,tcos-configurator,/usr/share/tcos-configurator/images/tcos-icon-32x32.png,tcosconfig
TCOS Standalone,tcos-standalone,/usr/share/tcos-standalone/images/tcos-icon-32x32.png,tcos-icon
TCOS-config,tcosconfig,/usr/share/tcosconfig/images/tcos-icon.png,tcos-icon
TCOS-config,tcosconfig-configurator,/usr/share/tcosconfig/images/tcos-icon.png,tcosconfig
TCOS-config,tcosconfig-standalone,/usr/share/tcosconfig/images/tcos-icon.png,tcosconfig
TcosMonitor,tcosmonitor,/usr/share/pixmaps/tcos-icon-32x32.png,tcos-icon
TcosPersonalize,tcospersonalize,/usr/share/pixmaps/tcos-icon-32x32.png,tcos-icon
Team Viewer,Teamviewer-teamviewer9,/opt/teamviewer9/tv_bin/desktop/teamviewer.png,teamviewer
Team Viewer,teamviewer-teamviewer9,/opt/teamviewer9/tv_bin/desktop/teamviewer.png,teamviewer
Team Viewer,teamviewer-teamviewer10,/opt/teamviewer/tv_bin/desktop/teamviewer.png,teamviewer
Team Viewer,teamviewer-teamviewer10,/opt/teamviewer10/tv_bin/desktop/teamviewer.png,teamviewer
Teamspeak 3,TeamSpeak3,/opt/TeamSpeak3-Client-linux_amd64/styles/default/logo-128x128.png,teamspeak3
TeamViewer,Teamviewer-teamviewer9,/opt/teamviewer9/tv_bin/desktop/teamviewer.png,teamviewer
TeamViewer,teamviewer-teamviewer9,/opt/teamviewer9/tv_bin/desktop/teamviewer.png,teamviewer
TeamViewer,teamviewer-teamviewer10,/opt/teamviewer/tv_bin/desktop/teamviewer.png,teamviewer
TeamViewer,teamviewer-teamviewer10,/opt/teamviewer10/tv_bin/desktop/teamviewer.png,teamviewer
TeamViewer,teamviewer-teamviewer11,/opt/teamviewer/tv_bin/desktop/teamviewer.png,teamviewer
TeamViewer,teamviewer,/opt/teamviewer/tv_bin/desktop/teamviewer.png,teamviewer
TeamViewer 11,teamviewer-teamviewer11,/opt/teamviewer/tv_bin/desktop/teamviewer.png,teamviewer
TeamViewer 12,teamviewer-teamviewer12,/opt/teamviewer/tv_bin/desktop/teamviewer.png,teamviewer
TeleGPS,altusmetrum-telegps,/usr/share/icons/hicolor/scalable/apps/altusmetrum-telegps.svg,altusmetrum-telegps
Telegram,telegram,/usr/share/pixmaps/telegram.png,telegram
Telegram,telegram,/opt/telegram/telegram.svg,telegram
Telegram Desktop,telegram,/opt/telegram/telegram.svg,telegram
Telegram Desktop,telegramdesktop,hardcoded,telegram
Terminal,Terminal,/usr/lib/GNUstep/Applications/Terminal.app/Resources/Terminal.tiff,Terminal
Terminal,ubuntu-terminal-app,/usr/share/terminal/terminal64.png,terminal
Terra Terminal Emulator,terra,/usr/share/terra/image/terra.svg,terra
Tetraproc,tetraproc,,tetraproc
TextEdit,TextEdit,/usr/lib/GNUstep/Applications/TextEdit.app/Resources/Edit.tiff,Edit
Tgif,tgif,/usr/share/pixmaps/tgif.xpm,tgif
threadscope,threadscope,/usr/share/threadscope/threadscope.png,threadscope
Tickr - Feed Reader,tickr,/usr/share/tickr/pixmaps/tickr-icon.xpm,tickr
Tilda,tilda,/usr/share/pixmaps/tilda.png,tilda
Tile World,tworld,/usr/share/pixmaps/tworld.xpm,tworld
TILP,tilp,/usr/share/tilp2/pixmaps/tilp.xpm,tilp
TimeMon,TimeMon,/usr/lib/GNUstep/Applications/TimeMon.app/Resources/TimeMon.tiff,TimeMon
TimeMon,TimeMon,/usr/lib/GNUstep/Applications/TimeMon.app/Resources/icon.png,TimeMon
TimeShift,TimeShift,/usr/share/pixmaps/timeshift.png,timeshift
TiMidity++ MIDI sequencer,timidity-interfaces-extra,/usr/share/pixmaps/timidity.xpm,timidity
Tkabber,tkabber,/usr/share/pixmaps/tkabber.xpm,tkabber
tkPacman,tkpacman,Icon=/usr/share/tkpacman/icons/tkpacman-icon.png,tkpacman
Tomate,tomate,/usr/share/tomate/media/tomate.png,tomate
TOPPAS,TOPPAS,/usr/share/pixmaps/TOPPAS.xpm,TOPPAS
TOPPView,TOPPView,/usr/share/pixmaps/TOPPView.xpm,TOPPView
Tor Browser,torbrowser,/usr/share/pixmaps/torbrowser80.xpm,torbrowser
Tor Browser,???,/usr/share/pixmaps/tor-browser-en.png,tor-browser-en
Tor Browser,tor-browser-en,/usr/share/pixmaps/tor-browser-en.png,tor-browser-en
Tor Browser,tor-browser-ru,/usr/share/pixmaps/tor-browser-ru.png,tor-browser-en
Tor Browser,tor-browser-ar,/usr/share/pixmaps/tor-browser-ar.png,tor-browser-en
Tor Browser,tor-browser-de,/usr/share/pixmaps/tor-browser-de.png,tor-browser-en
Tor Browser,tor-browser-es-ES,/usr/share/pixmaps/tor-browser-es-ES.png,tor-browser-en
Tor Browser,tor-browser-fa,/usr/share/pixmaps/tor-browser-fa.png,tor-browser-en
Tor Browser,tor-browser-fr,/usr/share/pixmaps/tor-browser-fr.png,tor-browser-en
Tor Browser,tor-browser-it,/usr/share/pixmaps/tor-browser-it.png,tor-browser-en
Tor Browser,tor-browser-ko,/usr/share/pixmaps/tor-browser-ko.png,tor-browser-en
Tor Browser,tor-browser-nl,/usr/share/pixmaps/tor-browser-nl.png,tor-browser-en
Tor Browser,tor-browser-pl,/usr/share/pixmaps/tor-browser-pl.png,tor-browser-en
Tor Browser,tor-browser-pt-PT,/usr/share/pixmaps/tor-browser-pt-PT.png,tor-browser-en
Tor Browser,tor-browser-tr,/usr/share/pixmaps/tor-browser-tr.png,tor-browser-en
Tor Browser,tor-browser-vi,/usr/share/pixmaps/tor-browser-vi.png,tor-browser-en
Tor Browser,tor-browser-zh-CN,/usr/share/pixmaps/tor-browser-zh-CN.png,tor-browser-en
Tor Browser Settings,torbrowser-settings,/usr/share/pixmaps/torbrowser80.xpm,torbrowser
TorChat,torchat,/usr/share/torchat/icons/torchat.png,torchat
Touchpad Indicator,touchpad-indicator,/usr/share/pixmaps/touchpad-indicator,touchpad-indicator
Trelby,trelby,/opt/trelby/resources/icon256.png,trelby
trev,trev,/usr/share/staden/icon4bl.svg,icon4bl
Trine,Trine,steam,steam_icon_35700
TrovaCAP,trovacap,/usr/share/pixmaps/trovacap.xpm,trovacap
Tucnak,tucnak,/usr/share/pixmaps/tucnak.png,tucnak
Tucnak 2,tucnak2,/usr/share/pixmaps/tucnak2.png,tucnak
Tucnak 2,tucnak2,tucnak.png,tucnak
Tucnak 2,tucnak2,/usr/share/pixmaps/tucnak2.png,tucnak2
Tulip,tulip,TulipIcon.png,TulipIcon
TuxGuitar,tuxguitar,/opt/tuxguitar/share/skins/Oxygen/icon-96x96.png,tuxguitar
TV-MAXE,tvmaxe,/usr/share/tv-maxe/tvmaxe.png,tvmaxe
twclock,twclock,twclock.png,twclock
Twinkle,twinkle,/usr/share/twinkle/twinkle48.png,twinkle
twpsk,twpsk,twpsk.png,twpsk
Typhoon,typhoon,/usr/share/typhoon/media/typhoon.svg,typhoon
U1Db QML Example Gallery,u1db-qt-gallery,/usr/share/icons/unity-icon-theme/places/svg/service-u1.svg,service-u1
UberWriter,uberwriter,/opt/extras.ubuntu.com/uberwriter/share/uberwriter/media/uberwriter.svg,uberwriter
UberWriter,uberwriter,/usr/share/uberwriter/media/uberwriter.svg,uberwriter
UberWriter,uberwriter,/opt/extras.ubuntu.com/uberwriter/share/uberwriter/media/uberwriter.svg,uberwriter
Ubuntu,ubuntu,,ubuntu
Ubuntu After Install,ubuntu-after-install,/opt/thefanclub/ubuntu-after-install/ubuntu-after-install.png,ubuntu-after-install
Ubuntu IBus Table Setup,ibus-setup-table,/usr/share/ibus-table/icons/chinese.svg,chinese
Ubuntu Scopes,unity8-dash,/usr/share/unity8/Dash/unity8-dash.png,unity8-dash
Ubuntu Studio Controls,ubuntustudio-controls,/usr/share/ubuntustudio-controls/ubuntustudio-controls.svg,ubuntustudio-controls
Ubuntu Studio Session,ubuntustudio,,start-here-ubuntustudio
Ubuntu System Settings,ubuntu-system-settings,/usr/share/ubuntu/settings/system/system-settings.png,system-settings
Ubuntu Terminal,com.ubuntu.terminal,/usr/share/terminal/terminal64.png,terminal
Ubuntu UI Toolkit Gallery,ubuntu-ui-toolkit-gallery,Not important,ubuntu-ui-toolkit-gallery
Ubuntu Web Browser,webbrowser-app,/usr/share/webbrowser-app/webbrowser-app.png,webbrowser-app
UCView,ucview,ucview.png,ucview
Udav,udav,/usr/share/pixmaps/udav.png,udav
ukopp,ukopp,/usr/share/ukopp/icons/ukopp.png,ukopp
UKUI,ukui,,distributor-logo-ubuntukylin
Umit Network Scanner,umit,/usr/share/pixmaps/umit/umit_ico_48px.svg,umit
Unison,unison2.40.102-gtk,/usr/share/pixmaps/unison2.40.102-gtk.svg,unison-gtk
Unison,unison,unison.png,unison
Unison,unison2.32.52-gtk,/usr/share/pixmaps/unison2.32.52-gtk.svg,unison2.32.52-gtk
Unison,unison2.27.57-gtk,/usr/share/pixmaps/unison2.27.57-gtk.svg,unison2.27.57-gtk
Unison,unison-gtk,/usr/share/pixmaps/unison-gtk.svg,unison-gtk
Unison-GTK,unison-gtk,/usr/share/pixmaps/unison-gtk.svg,unison-gtk
Unity 8,unity8,,unity8
UPnP AV Control Point,gupnp-av-cp,/usr/share/gupnp-tools/pixmaps/av-cp.png,av-cp
UPnP Network Light,gupnp-network-light,/usr/share/gupnp-tools/pixmaps/network-light-256x256.png,network-light
UPnP Universal Control Point,gupnp-universal-cp,/usr/share/gupnp-tools/pixmaps/universal-cp.png,universal-cp
Valentina Studio,VStudio,/opt/VStudio/Resources/vstudio.png,vstudio
Variable Manager,variablemanagerplugin,,variablemanagerplugin
Variety,variety,/usr/share/variety/media/variety.svg,variety
Variety,variety,/opt/extras.ubuntu.com/variety/share/variety/media/variety.svg,variety
Variety,extras-variety,/opt/extras.ubuntu.com/variety/share/variety/media/variety.svg,variety
Vavoom,vavoom,/usr/share/games/vavoom/vavoom.png,vavoom
VDR FrameBuffer Frontend,vdr-fbfe,/usr/share/icons/vdr_xineliboutput-fbfe.svg,xineliboutput-fbfe
VDR X-Frontend,vdr-sxfe,/usr/share/icons/xineliboutput-sxfe.svg,xineliboutput-sxfe
Vectoroids,vectoroids,/usr/share/pixmaps/vectoroids-icon.xpm,vectoroids
Viber,viber,/usr/share/pixmaps/viber.png,viber
Vim,vim,/usr/share/pixmaps/vim.svg,vim
Visual Studio,visual-studio-code,hardcoded,visual-studio-code
ViTE,vite,/usr/share/pixmaps/vite.xpm,vite
Viva,viva,viva.png,viva
VMware Player,vmware-player,/usr/share/pixmaps/vmware-player.png,vmware-player
VMware View Open Client,vmware-view,vmware-view.png,vmware-view
VolumeControl,VolumeControl,/usr/lib/GNUstep/Applications/VolumeControl.app/Resources/headphones.tiff,headphones
VoR,vor,/usr/share/vor/icon.png,vor
vpnpptp,vpnpptp,/usr/share/pixmaps/vpnpptp.png,vpnpptp
Warmux,warmux,warmux_128x128.png,warmux
WatchFolderAndSend,WatchFolderAndSend,/usr/share/pixelmed/icons/WatchFolderAndSend.png,WatchFolderAndSend
Wbar-config,wbar-config,/usr/share/pixmaps/wbar/wbar.png,wbar
Web Storm,jetbrains-webstorm,hardcoded,webide
Web Storm,jetbrains-webstorm-ce,hardcoded,webide
Web Storm,webstorm,/opt/webstorm/bin/webstorm.svg,webide
web2py,web2py,/usr/share/pixmaps/web2py.png,web2py
WebHTTrack Website Copier,WebHTTrack,/usr/share/httrack/icons/webhttrack.xpm,webhttrack
Welcome Screen,mintWelcome,/usr/lib/linuxmint/mintWelcome/icons/logo.svg,mintInstall
Welcome Screen,mintWelcome,/usr/lib/linuxmint/mintWelcome/icons/logo_kde.svg,logo_kde
Widelands,widelands,/usr/share/games/widelands/pics/wl-ico-64.png,widelands
WiFi Radar,wifi-radar,wifi-radar.svg,wifi-radar
Window Maker,wmaker-commonr,,wmaker
Winefish Editor,winefish-project,/usr/share/pixmaps/winefish-icon.png,winefish
Winefish LaTeX Editor,winefish,/usr/share/pixmaps/winefish-icon.png,winefish
Wings3D,wings3d,/usr/share/icons/wings3d.xpm,wings3d
Wings3D polygon mesh modeller,wings3d,/usr/share/icons/wings3d.xpm,wings3d
WinUSB,winusbgui,winusbgui-icon.png,winusb
Wireframe Sketcher,wireframesketcherstudio,/usr/share/icons/hicolor/128x128/apps/WireframeSketcher.png,wireframe-sketcher
Wireless Monitor,mb-applet-wireless,signal-81-100.png,signal-81-100
Wmii,wmii,wmii.png,wmii
Wmitime,wmitime,,wmitime
Word War vi,wordwarvi,/usr/share/pixmaps/wordwarvi.xpm,wordwarvi
Wordpress Desktop Client,wordpress-com,/usr/local/WordPress.com/WordPress.png,wordpress
WrapperFactory,WrapperFactory,/usr/lib/GNUstep/Applications/WrapperFactory.app/Resources/WrapperFactory.tiff,wrapperfactory.app
Writetype,writetype,/usr/share/writetype/res/key120x120.png,writetype
wxFormBuilder,wxformbuilder,wxformbuilder.png,wxformbuilder
wxMaxima,wxmaxima,/usr/share/wxMaxima/wxmaxima.png,wxmaxima
wxMEdit,wxmedit,/usr/share/pixmaps/wxmedit.png,wxmedit
X Tile,x-tile,/usr/share/pixmaps/x-tile.svg,x-tile
X-Diagnose,xdiagnose,/usr/share/xdiagnose/icons/microscope.svg,xdiagnose
Xabacus,xabacus,/usr/share/pixmaps/xabacus.m.xpm,xabacus.m
Xabacus,xmabacus,/usr/share/pixmaps/xabacus.m.xpm,xmabacus.m
Xaos - Fractal Zoomer,xaos,xaos.png,xaos
xbarrel,xbarrel,/usr/share/pixmaps/xbarrel.m.xpm,xbarrel.m
XCrySDen,xcrysden,/usr/share/xcrysden/images/xcrysden.png,xcrysden
xcubes,xcubes,/usr/share/pixmaps/xcubes.m.xpm,xcubes.m
Xdemineur,xdemineur,/usr/share/pixmaps/xdemineur-icon.xpm,xdemineur-icon
xdemorse,xdemorse,xdemorse.xpm,xdemorse
xdino,xdino,/usr/share/pixmaps/xdino.m.xpm,xdino.m
Xdx,Xdx,/usr/share/xdx/pixmaps/xdx.png,xdx
Xfce Session,xfce,,start-here-xfce
XFLR5,xflr5,/usr/share/pixmaps/xflr5.png,xflr5
xhexagons,xhexagons,/usr/share/pixmaps/xhexagons.m.xpm,xhexagons.m
XIA,xia,/usr/share/xia/images/xia.gif,xia
Xix player,xix-media-player,/usr/share/pixmaps/xix-player.png,xix-player
Xjump,xjump,xjump-icon.xpm,xjump-icon
xmahjongg,xmahjongg,,xmahjongg
xmball,xmball,/usr/share/pixmaps/xmball.m.xpm,xmball.m
xmbarrel,xmbarrel,/usr/share/pixmaps/xbarrel.m.xpm,xbarrel.m
xmcubes,xmcubes,/usr/share/pixmaps/xcubes.m.xpm,xcubes.m
xmdino,xmdino,/usr/share/pixmaps/xdino.m.xpm,xdino.m
xmhexagons,xmhexagons,/usr/share/pixmaps/xhexagons.m.xpm,xhexagons.m
Xmille,xmille,,xmille
Xmind,xmind,/usr/local/xmind/xmind-logo-36.png,xmind
xmlink,xmlink,/usr/share/pixmaps/xmlink.m.xpm,xmlink.m
xmmball,xmmball,/usr/share/pixmaps/xmball.m.xpm,xmball.m
xmmlink,xmmlink,/usr/share/pixmaps/xmlink.m.xpm,xmlink.m
XMMS2tray,xmms2tray,/usr/share/xmms2tray/data/xmms2_24.png,xmms2tray
xmoct,xmoct,/usr/share/pixmaps/xoct.m.xpm,xoct.m
XMonad,xmonad,xmonad.png,xmonad
xmpanex,xmpanex,/usr/share/pixmaps/xpanex.m.xpm,xpanex.m
xmpyraminx,xmpyraminx,/usr/share/pixmaps/xpyraminx.m.xpm,xpyraminx.m
xmrubik,xmrubik,/usr/share/pixmaps/xrubik.m.xpm,xrubik.m
xmskewb,xmskewb,/usr/share/pixmaps/xskewb.m.xpm,xskewb.m
xmtriangles,xmtriangles,/usr/share/pixmaps/xtriangles.m.xpm,xtriangles.m
XnConvert,XnConvert,/opt/XnConvert/xnconvert.png,xnconvert
xoct,xoct,/usr/share/pixmaps/xoct.m.xpm,xoct.m
xombrero Browser,xombrero,/usr/share/xombrero/xombreroicon64.png,xombreroicon64
Xonotic,xonotic,/usr/share/pixmaps/xonotic.png,xonotic
xpanex,xpanex,/usr/share/pixmaps/xpanex.m.xpm,xpanex.m
xpyraminx,xpyraminx,/usr/share/pixmaps/xpyraminx.m.xpm,xpyraminx.m
XRCed,xrced,/usr/share/pixmaps/xrced,xrced
xrubik,xrubik,/usr/share/pixmaps/xrubik.m.xpm,xrubik.m
xsensors,xsensors,/usr/share/pixmaps/xsensors/default.xpm,xsensors
xskewb,xskewb,/usr/share/pixmaps/xskewb.m.xpm,xskewb.m
xtriangles,xtriangles,/usr/share/pixmaps/xtriangles.m.xpm,xtriangles.m
Xubuntu Session,xubuntu,,start-here-xfce
xxxterm Browser,xxxterm,/usr/share/xxxterm/xxxtermicon64.png,xxxterm
Yade,yade,/usr/share/pixmaps/yade_32x32.xpm,yade
Yandex-disk,ya,/usr/share/ya-gui/ya.png,ya
Yandex.Disk daemon,Yandex.Disk,/opt/yd-tools/icons/yd-128_g.png,yd-128_g
Yandex.Disk indicator,Yandex.Disk-indicator,/opt/yd-tools/icons/yd-128.png,yd-128
YATE,yate-qt4,/usr/share/pixmaps/null_team-48.png,yate
YATE,yate-qt4,null_team-48.png,yate
Yi (Emacs keymap),yi-emacs,/usr/share/yi-0.6.7.0/art/yi+lambda-fat-32.png,yi+lambda-fat
Yi (Vim keymap),yi-vim,/usr/share/yi-0.6.7.0/art/yi+lambda-fat-32.png,yi+lambda-fat
YouTubeDL GUI,youtube-dlg,/usr/share/pixmaps/youtube-dlg.png,youtube-dlg
Yudit,yudit,yudit.png,yudit
Zapping TV Viewer,zapping,/usr/share/pixmaps/zapping/gnome-television.png,gnome-television
Zenmap,zenmap,/usr/share/zenmap/pixmaps/zenmap.png,zenmap
Zenmap (as root),zenmap-root,/usr/share/zenmap/pixmaps/zenmap.png,zenmap
Zenmap (root),zenmap-root,/usr/share/zenmap/pixmaps/zenmap.png,zenmap
Zipper,Zipper,zipper.tiff,zipper
ZuluCrypt,zuluCrypt,zuluCrypt.png,zuluCrypt
ZuluCrypt Key Server,zuluCryptKeyServer,zuluCrypt.png,zuluCrypt
ZuluMount,zuluMount,zuluMount.png,zuluMount
ZynAddSubFX Software Synthesizer,zynaddsubfx,/usr/share/pixmaps/zynaddsubfx.xpm,zynaddsubfx
Zyne,zyne,/usr/share/pixmaps/zyne.png,zyne
,vnd.clam.network,/usr/share/networkeditor/NetworkEditor-icon.svg,NetworkEditor-icon
,x-latexdraw-project,/usr/share/pixmaps/latexdraw32.xpm,latexdraw32
,x-text-pgf,/usr/share/pixmaps/ktikz32.xpm,ktikz32
,x-progress-quest-save,mime_application_x-progress-quest-save.svg,mime_application_x-progress-quest-save
,libreoffice-ms-excel-sheet,,ms-excel-sheet
,libreoffice-ms-excel-sheet-12,,ms-excel-sheet-12
,libreoffice-ms-excel-sheet-binary-12,,ms-excel-sheet-binary-12
,libreoffice-ms-excel-template-12,,ms-excel-template-12
,libreoffice-ms-powerpoint-presentation,,ms-powerpoint-presentation
,libreoffice-ms-powerpoint-presentation-12,,ms-powerpoint-presentation-12
,libreoffice-ms-powerpoint-template-12,,ms-powerpoint-template-12
,libreoffice-ms-word-document,,ms-word-document
,libreoffice-ms-word-document2,,ms-word-document2
,libreoffice-ms-word-document-12,,ms-word-document-12
,libreoffice-ms-word-template-12,,ms-word-template-12
,libreoffice-openxmlformats-officedocument-presentationml-presentation,,presentationml-presentation
,libreoffice-openxmlformats-officedocument-presentationml-template,,presentationml-template
,libreoffice-openxmlformats-officedocument-spreadsheetml-sheet,,spreadsheetml-sheet
,libreoffice-openxmlformats-officedocument-spreadsheetml-template,,spreadsheetml-template
,libreoffice-openxmlformats-officedocument-wordprocessingml-document,,wordprocessingml-document
,libreoffice-openxmlformats-officedocument-wordprocessingml-template,,wordprocessingml-template
,signon-ui-browser-process,,login
